config,kind,run,case,input_len,output_len,concurrency,completed,duration_s,prefills_8k_during_run,itl_samples,p999_itl_ms,max_itl_ms,mean_ttft_ms,p50_ttft_ms,p99_ttft_ms,mean_tpot_ms,p50_tpot_ms,p99_tpot_ms,mean_itl_ms,p50_itl_ms,p90_itl_ms,p99_itl_ms,mean_e2el_ms,p99_e2el_ms
no-chunk-16384,interference,1,decode alone,256,1024,16,64,27.9,,65472,14.2,57.7,79.08,87.01,117.04,6.75,6.74,6.8,6.75,6.71,7.22,9.06,6979.84,7000.76
no-chunk-16384,interference,1,decode + 8192/16 prefills,256,1024,16,64,34.4,53.0,65472,191.0,193.9,72.47,79.41,115.25,8.33,8.36,8.42,8.33,6.76,7.3,12.12,8598.7,8661.14
no-chunk-16384,interference,2,decode alone,256,1024,16,64,27.9,,65472,8.4,58.1,76.44,87.2,110.02,6.74,6.73,6.79,6.74,6.72,7.08,7.46,6976.4,6993.85
no-chunk-16384,interference,2,decode + 8192/16 prefills,256,1024,16,64,34.4,52.0,65472,190.4,191.6,77.21,86.65,119.29,8.33,8.37,8.43,8.33,6.75,7.25,12.38,8603.78,8682.93
chunk-2048,interference,1,decode alone,256,1024,16,64,27.6,,65472,9.9,48.4,77.15,84.99,123.93,6.66,6.65,6.7,6.66,6.64,6.96,7.27,6890.91,6916.47
chunk-2048,interference,1,decode + 8192/16 prefills,256,1024,16,64,33.8,52.0,65472,55.9,57.8,165.51,104.43,303.59,8.1,8.06,8.26,8.1,6.69,7.14,53.67,8451.01,8650.23
chunk-2048,interference,2,decode alone,256,1024,16,64,27.6,,65472,11.0,46.1,69.86,75.35,112.13,6.67,6.67,6.71,6.67,6.65,7.03,7.44,6895.8,6921.37
chunk-2048,interference,2,decode + 8192/16 prefills,256,1024,16,64,33.7,50.0,65472,55.9,56.5,66.07,73.95,110.19,8.15,8.16,8.27,8.15,6.69,7.18,53.63,8402.3,8498.97
chunk-8192-default,interference,1,decode alone,256,1024,16,64,28.6,,65472,26.0,66.1,93.14,94.05,153.94,6.89,6.85,7.25,6.89,6.68,7.7,15.09,7139.26,7467.92
chunk-8192-default,interference,1,decode + 8192/16 prefills,256,1024,16,64,34.2,52.0,65472,186.3,191.9,71.41,69.31,117.13,8.28,8.31,8.37,8.28,6.69,7.12,12.77,8542.12,8612.25
chunk-8192-default,interference,2,decode alone,256,1024,16,64,27.7,,65472,14.2,58.7,75.4,78.9,114.57,6.69,6.69,6.74,6.69,6.66,7.04,7.78,6920.41,6956.33
chunk-8192-default,interference,2,decode + 8192/16 prefills,256,1024,16,64,34.1,51.0,65472,185.9,186.8,68.51,80.75,111.26,8.27,8.3,8.35,8.27,6.69,7.12,12.8,8532.0,8596.27
chunk-512,interference,1,decode alone,256,1024,16,64,27.6,,65472,12.5,13.5,47.36,38.68,121.72,6.69,6.69,6.71,6.69,6.67,6.98,7.3,6891.37,6957.86
chunk-512,interference,1,decode + 8192/16 prefills,256,1024,16,64,31.9,49.0,65472,17.0,19.4,53.34,47.61,118.61,7.73,7.71,7.83,7.73,6.75,13.31,16.02,7965.94,8124.4
chunk-512,interference,2,decode alone,256,1024,16,64,27.7,,65472,15.9,27.1,51.05,46.78,117.92,6.71,6.7,6.78,6.71,6.67,7.05,9.57,6919.88,6978.27
chunk-512,interference,2,decode + 8192/16 prefills,256,1024,16,64,32.1,50.0,65472,16.5,18.5,59.87,48.2,289.01,7.74,7.72,7.85,7.74,6.75,13.47,16.0,7979.0,8146.41
