config,kind,run,case,input_len,output_len,concurrency,completed,duration_s,itl_samples,p999_itl_ms,max_itl_ms,mean_ttft_ms,p50_ttft_ms,p99_ttft_ms,mean_tpot_ms,p50_tpot_ms,p99_tpot_ms,mean_itl_ms,p50_itl_ms,p90_itl_ms,p99_itl_ms,mean_e2el_ms,p99_e2el_ms
no-chunk-16384,shape,1,8192/256,8192,256,16,64,21.1,16320,203.9,205.9,1214.02,1167.16,3009.29,15.85,15.98,19.61,15.85,8.79,9.39,195.03,5255.94,7085.4
no-chunk-16384,shape,1,1024/1024,1024,1024,16,64,29.0,65472,16.6,153.7,234.38,232.71,373.14,6.84,6.84,7.03,6.84,6.73,7.24,7.79,7236.75,7264.52
no-chunk-16384,shape,1,256/4096,256,4096,16,32,57.3,131040,9.0,53.5,89.07,96.38,116.37,6.98,6.98,6.99,6.98,6.98,7.61,8.13,28659.84,28666.6
no-chunk-16384,shape,2,8192/256,8192,256,16,64,21.1,16320,203.8,214.1,1208.8,1166.56,2991.49,15.85,15.97,19.61,15.85,8.8,9.38,195.91,5250.1,7060.09
no-chunk-16384,shape,2,1024/1024,1024,1024,16,64,28.9,65472,17.2,170.3,232.31,233.32,362.01,6.84,6.85,7.02,6.84,6.74,7.17,7.6,7233.75,7257.39
no-chunk-16384,shape,2,256/4096,256,4096,16,32,57.3,131040,8.8,54.4,86.02,94.76,118.05,6.97,6.98,6.99,6.97,6.97,7.63,8.16,28645.02,28665.89
chunk-2048,shape,1,8192/256,8192,256,16,64,20.9,16320,72.6,75.8,860.32,592.72,3234.97,16.92,17.84,18.97,16.92,8.81,53.44,59.75,5174.75,7871.65
chunk-2048,shape,1,1024/1024,1024,1024,16,64,28.7,65472,44.9,47.0,170.57,176.33,371.75,6.83,6.82,6.95,6.83,6.68,7.12,7.76,7161.06,7368.91
chunk-2048,shape,1,256/4096,256,4096,16,32,56.8,131040,8.6,46.8,88.76,94.35,112.95,6.91,6.91,6.92,6.91,6.9,7.56,8.1,28374.91,28394.68
chunk-2048,shape,2,8192/256,8192,256,16,64,20.9,16320,61.1,61.3,850.68,581.57,3239.63,16.96,17.9,18.99,16.96,8.81,53.15,58.49,5176.29,7884.81
chunk-2048,shape,2,1024/1024,1024,1024,16,64,28.7,65472,45.0,47.9,172.29,176.25,377.11,6.84,6.83,6.96,6.84,6.69,7.16,7.86,7167.09,7384.03
chunk-2048,shape,2,256/4096,256,4096,16,32,56.8,131040,9.0,37.0,77.23,82.31,111.76,6.91,6.91,6.92,6.91,6.91,7.59,8.2,28369.5,28380.28
