mode,b_tokens,step,gap_ms
alone,0,0,14.624579999996001
alone,0,1,14.76990200000472
alone,0,2,14.858771000000104
alone,0,3,14.895512999999028
alone,0,4,14.77532300000206
alone,0,5,15.908447999997577
alone,0,6,16.303837999998905
alone,0,7,15.721490000004223
alone,0,8,15.654273999999191
alone,0,9,14.949498000000006
alone,0,10,16.534590999995658
alone,0,11,15.696533000003399
alone,0,12,16.07207699999691
alone,0,13,15.22579400000268
alone,0,14,16.60282299999949
alone,0,15,14.79277899999687
alone,0,16,15.756064000001402
alone,0,17,15.063637000004348
alone,0,18,15.401414999999474
alone,0,19,15.060723999994252
alone,0,20,15.62283300000189
alone,0,21,14.830797000001894
alone,0,22,15.066327999996076
alone,0,23,15.43444700000407
alone,0,24,14.80121600000217
alone,0,25,14.949969999996426
alone,0,26,15.004928000003304
alone,0,27,15.842354999996644
alone,0,28,17.78178800000063
alone,0,29,16.78892300000001
alone,0,30,18.72466700000075
alone,0,31,15.288513000001558
alone,0,32,16.41529399999797
alone,0,33,19.437351000000547
alone,0,34,18.01216999999866
alone,0,35,17.345679999998254
alone,0,36,17.035613000004446
alone,0,37,19.083922999996616
alone,0,38,16.644996000003687
alone,0,39,15.254149999996969
alone,0,40,15.040231000000404
alone,0,41,14.8674650000018
alone,0,42,16.386208000000124
alone,0,43,15.252455999998915
alone,0,44,15.48871899999682
alone,0,45,14.364929000002746
alone,0,46,14.337298999997472
alone,0,47,15.23527100000166
alone,0,48,15.331811000002915
alone,0,49,15.321666999994932
alone,0,50,14.683802000000412
alone,0,51,14.693108999999538
alone,0,52,14.40152100000347
alone,0,53,14.501606999999694
alone,0,54,14.357007999997506
alone,0,55,14.660801000005108
alone,0,56,14.428310999996086
alone,0,57,14.514361000003362
alone,0,58,16.588561999995477
alone,0,59,15.293776000000037
alone,0,60,14.753529000003596
alone,0,61,14.873416999996891
alone,0,62,14.875983999999676
alone,0,63,15.229064999999764
alone,0,64,14.85486500000377
alone,0,65,14.761268999997412
alone,0,66,16.019982000003097
alone,0,67,14.702673999998694
alone,0,68,14.672775999997612
alone,0,69,15.730250000004276
alone,0,70,14.464142999997875
alone,0,71,14.317595999997934
alone,0,72,14.465495000003159
alone,0,73,14.237197999996454
alone,0,74,14.219418000003259
alone,0,75,14.253852999999594
alone,0,76,14.25585300000165
alone,0,77,14.439101999997206
alone,0,78,14.719221999996535
alone,0,79,14.38140300000157
alone,0,80,14.223589000003756
alone,0,81,14.359051999996097
alone,0,82,14.464209999999866
alone,0,83,15.306328000001201
alone,0,84,14.575604000000908
alone,0,85,14.719352999996715
alone,0,86,14.56282500000583
alone,0,87,14.190887999994573
alone,0,88,14.988778000002867
alone,0,89,14.43807999999791
alone,0,90,14.440599000003829
alone,0,91,14.430382000000463
alone,0,92,14.779433999997593
alone,0,93,15.203458999998531
alone,0,94,14.572868000001904
alone,0,95,14.457632000002718
alone,0,96,14.386403999999686
alone,0,97,14.373983999995232
alone,0,98,14.71178500000292
alone,0,99,14.458912000002044
colocated,4096,0,19.62615699999759
colocated,4096,1,24.438830999997663
colocated,4096,2,17.786472000004494
colocated,4096,3,13.81952499999528
colocated,4096,4,12.670014000001117
colocated,4096,5,12.715030000002514
colocated,4096,6,12.977442999996924
colocated,4096,7,12.83213399999994
colocated,4096,8,12.947353000001272
colocated,4096,9,13.191478999999617
colocated,4096,10,13.001293000002079
colocated,4096,11,13.05557299999549
colocated,4096,12,12.916686000004063
colocated,4096,13,12.930296000000396
colocated,4096,14,13.200621999999385
colocated,4096,15,14.86034500000244
colocated,4096,16,13.119766999999172
colocated,4096,17,13.939374999999643
colocated,4096,18,13.129605999999683
colocated,4096,19,13.976178999996591
colocated,4096,20,129.24319100000048
colocated,4096,21,14.222168000003421
colocated,4096,22,15.396574999996915
colocated,4096,23,16.899698999999657
colocated,4096,24,14.495809000003135
colocated,4096,25,14.501152000001127
colocated,4096,26,14.209573999998781
colocated,4096,27,14.095730000001083
colocated,4096,28,14.249752999994314
colocated,4096,29,14.272690000005639
colocated,4096,30,14.291021999994769
colocated,4096,31,15.148090000003833
colocated,4096,32,16.44186299999717
colocated,4096,33,19.1001630000045
colocated,4096,34,19.23602099999755
colocated,4096,35,19.04466500000268
colocated,4096,36,18.292572000000007
colocated,4096,37,14.669106999996018
colocated,4096,38,14.802115000001947
colocated,4096,39,15.454376999997521
colocated,4096,40,14.455146000003083
colocated,4096,41,14.502967999995064
colocated,4096,42,14.559407000000135
colocated,4096,43,14.90920200000545
colocated,4096,44,14.6784370000006
colocated,4096,45,14.76892899999882
colocated,4096,46,14.59425999999553
colocated,4096,47,14.443146000004958
colocated,4096,48,14.492673999995986
colocated,4096,49,14.319587999999328
colocated,4096,50,17.197843000005264
colocated,4096,51,14.676476999994748
colocated,4096,52,14.283218999999292
colocated,4096,53,14.205307000004552
colocated,4096,54,14.661203999999373
colocated,4096,55,14.815937999998141
colocated,4096,56,14.567825000000312
colocated,4096,57,14.834356000001492
colocated,4096,58,14.910571999998012
colocated,4096,59,15.89694799999819
colocated,4096,60,14.863207000004763
colocated,4096,61,14.418608999996252
colocated,4096,62,14.640260000000183
colocated,4096,63,15.163934000000268
colocated,4096,64,14.519479000000501
colocated,4096,65,15.10623500000463
colocated,4096,66,14.639259999995602
colocated,4096,67,14.788205000002108
colocated,4096,68,14.700044000001355
colocated,4096,69,14.800498999996137
colocated,4096,70,14.863752000003672
colocated,4096,71,14.517048999998394
colocated,4096,72,15.320029000001512
colocated,4096,73,14.619514999999694
colocated,4096,74,14.994119999997224
colocated,4096,75,14.88744800000319
colocated,4096,76,15.312975999997036
colocated,4096,77,15.670489999997983
colocated,4096,78,15.257396000002643
colocated,4096,79,15.002932999998109
colocated,4096,80,14.580338999998332
colocated,4096,81,14.537883000002694
colocated,4096,82,14.304825000003518
colocated,4096,83,14.185943999997619
colocated,4096,84,14.761544999998932
colocated,4096,85,14.917539000002478
colocated,4096,86,14.781806999998537
colocated,4096,87,14.74492100000191
colocated,4096,88,14.251295999997637
colocated,4096,89,14.853586999997503
colocated,4096,90,14.988546000004987
colocated,4096,91,14.81160099999812
colocated,4096,92,15.043462999997814
colocated,4096,93,14.700864000005254
colocated,4096,94,14.591161999994995
colocated,4096,95,14.54899400000187
colocated,4096,96,16.737012999996637
colocated,4096,97,14.674968000001343
colocated,4096,98,14.833164000002341
colocated,4096,99,14.905671999997594
chunked-512,4096,0,14.968025999998247
chunked-512,4096,1,14.707430000001409
chunked-512,4096,2,14.931365000002472
chunked-512,4096,3,14.805090999999493
chunked-512,4096,4,14.956642999997882
chunked-512,4096,5,14.777659000003496
chunked-512,4096,6,27.799168999997903
chunked-512,4096,7,14.879141000001539
chunked-512,4096,8,14.965343000000075
chunked-512,4096,9,14.500492999999892
chunked-512,4096,10,14.78532399999466
chunked-512,4096,11,15.195947000002263
chunked-512,4096,12,14.966006999998172
chunked-512,4096,13,15.049341000000993
chunked-512,4096,14,14.79388300000295
chunked-512,4096,15,14.863810999997895
chunked-512,4096,16,14.765175999997382
chunked-512,4096,17,14.959499000006815
chunked-512,4096,18,14.697078999994062
chunked-512,4096,19,14.267485000004854
chunked-512,4096,20,29.611804999994717
chunked-512,4096,21,29.702255000003674
chunked-512,4096,22,30.07491299999998
chunked-512,4096,23,31.353095999996583
chunked-512,4096,24,32.73250000000161
chunked-512,4096,25,33.943855000003964
chunked-512,4096,26,35.25279999999498
chunked-512,4096,27,41.588215000004425
chunked-512,4096,28,14.213872999995658
chunked-512,4096,29,14.051145999999903
chunked-512,4096,30,14.327782000002287
chunked-512,4096,31,14.101123000003213
chunked-512,4096,32,14.422885999998414
chunked-512,4096,33,14.358258999997986
chunked-512,4096,34,14.77551499999663
chunked-512,4096,35,14.442592000001753
chunked-512,4096,36,14.615357000003826
chunked-512,4096,37,14.155117000001383
chunked-512,4096,38,14.210621999993123
chunked-512,4096,39,14.408754000001522
chunked-512,4096,40,14.192334000000528
chunked-512,4096,41,14.425033000001974
chunked-512,4096,42,14.275941000001069
chunked-512,4096,43,13.980898999996327
chunked-512,4096,44,14.202648000001261
chunked-512,4096,45,14.480188000000282
chunked-512,4096,46,14.676878999999587
chunked-512,4096,47,14.517216999998084
chunked-512,4096,48,14.206579000003217
chunked-512,4096,49,14.184563000000594
chunked-512,4096,50,14.202849000000128
chunked-512,4096,51,14.339452000001529
chunked-512,4096,52,14.078338999993889
chunked-512,4096,53,14.423980000003667
chunked-512,4096,54,14.317210999998053
chunked-512,4096,55,14.12778800000325
chunked-512,4096,56,14.655569999995066
chunked-512,4096,57,14.364772000000414
chunked-512,4096,58,14.17639200000309
chunked-512,4096,59,14.545734000002142
chunked-512,4096,60,14.273711999997829
chunked-512,4096,61,14.338557999998613
chunked-512,4096,62,14.205226000001403
chunked-512,4096,63,14.020875999996463
chunked-512,4096,64,14.196306000002323
chunked-512,4096,65,14.486243000000343
chunked-512,4096,66,14.314494000004174
chunked-512,4096,67,13.923960999996154
chunked-512,4096,68,13.960734999997726
chunked-512,4096,69,14.2003050000028
chunked-512,4096,70,14.379490999999689
chunked-512,4096,71,14.344815999997707
chunked-512,4096,72,14.29034899999948
chunked-512,4096,73,14.352614999999957
chunked-512,4096,74,14.380045000002895
chunked-512,4096,75,14.289812999997764
chunked-512,4096,76,14.221982000002242
chunked-512,4096,77,14.408445000000825
chunked-512,4096,78,14.4348939999972
chunked-512,4096,79,14.296696999998915
chunked-512,4096,80,14.815624000000582
chunked-512,4096,81,14.59213700000106
chunked-512,4096,82,14.39784500000485
chunked-512,4096,83,16.23886199999447
chunked-512,4096,84,14.864879000000997
chunked-512,4096,85,15.814621000004081
chunked-512,4096,86,14.767065999997442
chunked-512,4096,87,14.126713999999652
chunked-512,4096,88,13.799620000000345
chunked-512,4096,89,13.918592999999646
chunked-512,4096,90,13.768724000001953
chunked-512,4096,91,14.035582999994745
chunked-512,4096,92,13.79651700000295
chunked-512,4096,93,13.998405999998909
chunked-512,4096,94,14.09877700000095
chunked-512,4096,95,14.230439999998623
chunked-512,4096,96,14.07203100000487
chunked-512,4096,97,14.5387799999952
chunked-512,4096,98,14.406376000003718
chunked-512,4096,99,14.088144999995222
chunked-2048,4096,0,14.651611000005005
chunked-2048,4096,1,14.601878000000568
chunked-2048,4096,2,14.168737999995074
chunked-2048,4096,3,14.068663000003312
chunked-2048,4096,4,14.118684999999687
chunked-2048,4096,5,13.950844999996548
chunked-2048,4096,6,14.164908000005028
chunked-2048,4096,7,14.11993499999653
chunked-2048,4096,8,14.039445000001649
chunked-2048,4096,9,14.1227769999972
chunked-2048,4096,10,14.085763000004192
chunked-2048,4096,11,14.163806999995643
chunked-2048,4096,12,14.11371000000372
chunked-2048,4096,13,14.157216000000972
chunked-2048,4096,14,14.395604000000617
chunked-2048,4096,15,14.561918999994816
chunked-2048,4096,16,14.24731000000179
chunked-2048,4096,17,14.615624999997578
chunked-2048,4096,18,14.631874000002654
chunked-2048,4096,19,14.386579000003508
chunked-2048,4096,20,65.0564759999952
chunked-2048,4096,21,100.7294200000004
chunked-2048,4096,22,16.058325999999568
chunked-2048,4096,23,15.168654000000004
chunked-2048,4096,24,15.635965999997836
chunked-2048,4096,25,15.976573000003214
chunked-2048,4096,26,15.515251000003616
chunked-2048,4096,27,14.692262999993488
chunked-2048,4096,28,14.656294000005232
chunked-2048,4096,29,14.676181999995208
chunked-2048,4096,30,14.725424000005205
chunked-2048,4096,31,14.46758099999812
chunked-2048,4096,32,15.430357999996147
chunked-2048,4096,33,15.040021000004344
chunked-2048,4096,34,15.391639999997153
chunked-2048,4096,35,14.88485600000189
chunked-2048,4096,36,14.634805999996559
chunked-2048,4096,37,15.836629000006042
chunked-2048,4096,38,15.17953799999816
chunked-2048,4096,39,14.924718999999698
chunked-2048,4096,40,16.293546999996522
chunked-2048,4096,41,15.346159999999998
chunked-2048,4096,42,15.519218000001445
chunked-2048,4096,43,17.029345000004525
chunked-2048,4096,44,15.071324999993863
chunked-2048,4096,45,14.895025000001283
chunked-2048,4096,46,16.92201000000182
chunked-2048,4096,47,16.20599799999667
chunked-2048,4096,48,17.04780000000028
chunked-2048,4096,49,14.962554000000239
chunked-2048,4096,50,15.716428000004612
chunked-2048,4096,51,14.927295999996204
chunked-2048,4096,52,16.344264000004216
chunked-2048,4096,53,15.098848000000942
chunked-2048,4096,54,19.02681999999345
chunked-2048,4096,55,14.575139000001514
chunked-2048,4096,56,14.427474000001439
chunked-2048,4096,57,14.49398599999796
chunked-2048,4096,58,15.085304000002964
chunked-2048,4096,59,18.64862899999764
chunked-2048,4096,60,17.478449999998702
chunked-2048,4096,61,15.737983000001066
chunked-2048,4096,62,17.333469000000434
chunked-2048,4096,63,15.831638999998177
chunked-2048,4096,64,17.645753000003594
chunked-2048,4096,65,17.45716199999947
chunked-2048,4096,66,16.483583999999496
chunked-2048,4096,67,16.833046000002128
chunked-2048,4096,68,16.672165999999322
chunked-2048,4096,69,14.847441999997102
chunked-2048,4096,70,15.69003899999899
chunked-2048,4096,71,18.382420000001787
chunked-2048,4096,72,15.753649000004089
chunked-2048,4096,73,15.168416999998158
chunked-2048,4096,74,14.932262999998613
chunked-2048,4096,75,17.02909099999772
chunked-2048,4096,76,16.110705000002667
chunked-2048,4096,77,15.36257000000063
chunked-2048,4096,78,18.049836999999513
chunked-2048,4096,79,17.204530000000773
chunked-2048,4096,80,15.059239000002833
chunked-2048,4096,81,14.71187699999632
chunked-2048,4096,82,14.909803999998417
chunked-2048,4096,83,16.267548999998382
chunked-2048,4096,84,15.149521000004995
chunked-2048,4096,85,21.23484399999853
chunked-2048,4096,86,20.939230000003306
chunked-2048,4096,87,17.867094999999722
chunked-2048,4096,88,15.468310999999346
chunked-2048,4096,89,16.40571200000096
chunked-2048,4096,90,15.751200999993387
chunked-2048,4096,91,14.969371000006504
chunked-2048,4096,92,17.87440100000026
chunked-2048,4096,93,17.751841999995577
chunked-2048,4096,94,15.930252000003975
chunked-2048,4096,95,15.68515299999973
chunked-2048,4096,96,14.610943999997517
chunked-2048,4096,97,15.731961000000183
chunked-2048,4096,98,16.52058700000225
chunked-2048,4096,99,14.542573999996478
disaggregated-thread,4096,0,14.673838000000217
disaggregated-thread,4096,1,14.655486999998857
disaggregated-thread,4096,2,13.965964999997027
disaggregated-thread,4096,3,14.923041999999498
disaggregated-thread,4096,4,13.801116999999863
disaggregated-thread,4096,5,13.772117999998557
disaggregated-thread,4096,6,13.732737000005102
disaggregated-thread,4096,7,13.660166000001084
disaggregated-thread,4096,8,13.753522999998324
disaggregated-thread,4096,9,13.753282999999783
disaggregated-thread,4096,10,13.784776999997916
disaggregated-thread,4096,11,14.020942000001924
disaggregated-thread,4096,12,13.801131000001021
disaggregated-thread,4096,13,13.706612000000007
disaggregated-thread,4096,14,13.732440999994822
disaggregated-thread,4096,15,13.63618700000302
disaggregated-thread,4096,16,13.772140999996907
disaggregated-thread,4096,17,13.785159000001102
disaggregated-thread,4096,18,13.971426000004783
disaggregated-thread,4096,19,14.090389999999786
disaggregated-thread,4096,20,55.81642799999997
disaggregated-thread,4096,21,25.6525510000003
disaggregated-thread,4096,22,15.23758399999764
disaggregated-thread,4096,23,26.269501999998113
disaggregated-thread,4096,24,15.87687399999993
disaggregated-thread,4096,25,14.28592599999945
disaggregated-thread,4096,26,14.399711999999454
disaggregated-thread,4096,27,14.000636000005784
disaggregated-thread,4096,28,13.723419999998043
disaggregated-thread,4096,29,13.738973999998905
disaggregated-thread,4096,30,13.709863999999072
disaggregated-thread,4096,31,13.664935999997851
disaggregated-thread,4096,32,13.961381000001438
disaggregated-thread,4096,33,13.816544000000874
disaggregated-thread,4096,34,13.773559999997076
disaggregated-thread,4096,35,13.647758000004728
disaggregated-thread,4096,36,13.80847400000107
disaggregated-thread,4096,37,13.675129999995761
disaggregated-thread,4096,38,13.956557000000203
disaggregated-thread,4096,39,13.741815999999574
disaggregated-thread,4096,40,14.019572999998786
disaggregated-thread,4096,41,13.776117000006138
disaggregated-thread,4096,42,13.792042999995147
disaggregated-thread,4096,43,13.767263000005414
disaggregated-thread,4096,44,13.743597999997803
disaggregated-thread,4096,45,13.82363999999825
disaggregated-thread,4096,46,13.795534000003329
disaggregated-thread,4096,47,13.72884699999588
disaggregated-thread,4096,48,13.749205999999958
disaggregated-thread,4096,49,13.623893000001885
disaggregated-thread,4096,50,13.733574999996279
disaggregated-thread,4096,51,13.674860000001843
disaggregated-thread,4096,52,14.065155000004381
disaggregated-thread,4096,53,13.892983999994613
disaggregated-thread,4096,54,14.027279000004
disaggregated-thread,4096,55,14.412428999996507
disaggregated-thread,4096,56,14.224953999999457
disaggregated-thread,4096,57,14.412753000001999
disaggregated-thread,4096,58,14.33601600000145
disaggregated-thread,4096,59,14.205310000001248
disaggregated-thread,4096,60,14.086792999997044
disaggregated-thread,4096,61,14.645426999997824
disaggregated-thread,4096,62,13.90061900000461
disaggregated-thread,4096,63,14.575043999997206
disaggregated-thread,4096,64,13.872480000003407
disaggregated-thread,4096,65,13.91314800000032
disaggregated-thread,4096,66,13.993878999997378
disaggregated-thread,4096,67,14.012563999997951
disaggregated-thread,4096,68,16.104292000001408
disaggregated-thread,4096,69,13.829155000003368
disaggregated-thread,4096,70,13.811523999997632
disaggregated-thread,4096,71,13.880071999999188
disaggregated-thread,4096,72,13.78914400000042
disaggregated-thread,4096,73,13.927088000002641
disaggregated-thread,4096,74,13.964187999995659
disaggregated-thread,4096,75,14.721272999999258
disaggregated-thread,4096,76,13.946733000004485
disaggregated-thread,4096,77,13.797253999996428
disaggregated-thread,4096,78,13.869214000003183
disaggregated-thread,4096,79,13.759541999995406
disaggregated-thread,4096,80,14.131962000000442
disaggregated-thread,4096,81,13.85754500000047
disaggregated-thread,4096,82,13.932275000001937
disaggregated-thread,4096,83,13.803817999999524
disaggregated-thread,4096,84,13.995104000002812
disaggregated-thread,4096,85,13.888860999998087
disaggregated-thread,4096,86,16.15478600000131
disaggregated-thread,4096,87,13.573692000001358
disaggregated-thread,4096,88,13.881818999998075
disaggregated-thread,4096,89,13.713821999999709
disaggregated-thread,4096,90,13.836681999997325
disaggregated-thread,4096,91,13.973765000002913
disaggregated-thread,4096,92,13.830499000000884
disaggregated-thread,4096,93,13.870124000000317
disaggregated-thread,4096,94,13.848752999997771
disaggregated-thread,4096,95,13.799040000002094
disaggregated-thread,4096,96,13.659055999994507
disaggregated-thread,4096,97,13.799380000001804
disaggregated-thread,4096,98,13.87240700000092
disaggregated-thread,4096,99,14.158239000003903
disaggregated-process,4096,0,14.143146999998635
disaggregated-process,4096,1,13.876332999998908
disaggregated-process,4096,2,14.084484999997926
disaggregated-process,4096,3,13.882997000003172
disaggregated-process,4096,4,13.75777100000164
disaggregated-process,4096,5,13.676558999996757
disaggregated-process,4096,6,13.901398000001564
disaggregated-process,4096,7,13.776671999998769
disaggregated-process,4096,8,13.738414999998838
disaggregated-process,4096,9,13.97761500000172
disaggregated-process,4096,10,13.705546000004176
disaggregated-process,4096,11,13.846087999993983
disaggregated-process,4096,12,13.682191000000898
disaggregated-process,4096,13,13.75679299999888
disaggregated-process,4096,14,13.919276999999397
disaggregated-process,4096,15,13.922412000006545
disaggregated-process,4096,16,13.74779100000012
disaggregated-process,4096,17,13.68761599999857
disaggregated-process,4096,18,13.971087999998133
disaggregated-process,4096,19,14.637372999999343
disaggregated-process,4096,20,18.654691000001833
disaggregated-process,4096,21,18.17108699999892
disaggregated-process,4096,22,20.764677000002507
disaggregated-process,4096,23,21.365020999994044
disaggregated-process,4096,24,21.578576000003125
disaggregated-process,4096,25,19.893869999997094
disaggregated-process,4096,26,19.067225000000576
disaggregated-process,4096,27,18.965020000003108
disaggregated-process,4096,28,19.28640900000289
disaggregated-process,4096,29,21.364439999999263
disaggregated-process,4096,30,23.272554999998363
disaggregated-process,4096,31,16.94057199999577
disaggregated-process,4096,32,14.237363000006553
disaggregated-process,4096,33,17.673309999999276
disaggregated-process,4096,34,17.1427109999982
disaggregated-process,4096,35,14.770636000001502
disaggregated-process,4096,36,14.150376999999992
disaggregated-process,4096,37,14.366266999999766
disaggregated-process,4096,38,14.140062999999259
disaggregated-process,4096,39,14.30952999999846
disaggregated-process,4096,40,13.493074000002991
disaggregated-process,4096,41,14.159858999995834
disaggregated-process,4096,42,14.341776000001971
disaggregated-process,4096,43,14.189105999996343
disaggregated-process,4096,44,14.265865000005817
disaggregated-process,4096,45,14.37142399999658
disaggregated-process,4096,46,14.370012999997073
disaggregated-process,4096,47,14.123596000004568
disaggregated-process,4096,48,14.236986999996759
disaggregated-process,4096,49,14.259686000002603
disaggregated-process,4096,50,14.676803000000405
disaggregated-process,4096,51,14.288086999997063
disaggregated-process,4096,52,14.559507000001304
disaggregated-process,4096,53,14.51548100000366
disaggregated-process,4096,54,14.52244599999375
disaggregated-process,4096,55,14.524638000004586
disaggregated-process,4096,56,14.311661000000697
disaggregated-process,4096,57,14.442830999996659
disaggregated-process,4096,58,14.54313400000018
disaggregated-process,4096,59,14.757594999998958
disaggregated-process,4096,60,14.771675000005757
disaggregated-process,4096,61,16.6389739999957
disaggregated-process,4096,62,14.73460100000068
disaggregated-process,4096,63,14.566772000002004
disaggregated-process,4096,64,14.622066000001155
disaggregated-process,4096,65,14.593366999996249
disaggregated-process,4096,66,14.623030000002757
disaggregated-process,4096,67,14.942382000000975
disaggregated-process,4096,68,14.78927999999513
disaggregated-process,4096,69,14.560957000000485
disaggregated-process,4096,70,14.527274000002421
disaggregated-process,4096,71,14.71871199999697
disaggregated-process,4096,72,14.611227000003169
disaggregated-process,4096,73,14.577746000000502
disaggregated-process,4096,74,14.713532000001805
disaggregated-process,4096,75,14.431660999996154
disaggregated-process,4096,76,18.195675000001188
disaggregated-process,4096,77,20.53020799999672
disaggregated-process,4096,78,20.12544700000518
disaggregated-process,4096,79,21.728923999994265
disaggregated-process,4096,80,22.63215400000007
disaggregated-process,4096,81,20.07926900000001
disaggregated-process,4096,82,15.026432000006196
disaggregated-process,4096,83,14.404543999994246
disaggregated-process,4096,84,14.332090000003461
disaggregated-process,4096,85,14.451518999997859
disaggregated-process,4096,86,14.265270000002772
disaggregated-process,4096,87,14.498089999996466
disaggregated-process,4096,88,15.418060000001788
disaggregated-process,4096,89,15.204298999996979
disaggregated-process,4096,90,14.554771000000244
disaggregated-process,4096,91,14.37705200000039
disaggregated-process,4096,92,14.41360500000144
disaggregated-process,4096,93,14.536509999999225
disaggregated-process,4096,94,14.506246000003387
disaggregated-process,4096,95,14.533936999995944
disaggregated-process,4096,96,14.375342000001012
disaggregated-process,4096,97,14.123533999999438
disaggregated-process,4096,98,14.158637000001306
disaggregated-process,4096,99,14.152782000003583
colocated,16384,0,15.942140999996468
colocated,16384,1,15.94413900001257
colocated,16384,2,14.893961999987937
colocated,16384,3,14.868034000002694
colocated,16384,4,14.448197999996637
colocated,16384,5,15.68840699999896
colocated,16384,6,14.977652000013109
colocated,16384,7,15.79134299998941
colocated,16384,8,14.56263300001126
colocated,16384,9,14.550647999996613
colocated,16384,10,14.602815999992913
colocated,16384,11,14.507292000004668
colocated,16384,12,14.667582000001289
colocated,16384,13,14.6116779999943
colocated,16384,14,14.563073000005033
colocated,16384,15,14.734398000001647
colocated,16384,16,16.400179999990883
colocated,16384,17,16.29391800000235
colocated,16384,18,18.209339000009095
colocated,16384,19,17.897791999999413
colocated,16384,20,577.6500599999963
colocated,16384,21,16.77957399999741
colocated,16384,22,16.194972999997503
colocated,16384,23,17.42575600000862
colocated,16384,24,17.182525999999143
colocated,16384,25,14.833404000000883
colocated,16384,26,14.682270999998082
colocated,16384,27,15.186021999994637
colocated,16384,28,15.655844999997726
colocated,16384,29,16.1246239999997
colocated,16384,30,16.6265460000119
colocated,16384,31,16.46373899998821
colocated,16384,32,16.589314000000854
colocated,16384,33,16.404876999999374
colocated,16384,34,15.835833000011235
colocated,16384,35,16.438326999988817
colocated,16384,36,15.765053999999168
colocated,16384,37,15.892894000003821
colocated,16384,38,15.493313000007447
colocated,16384,39,15.91400999998882
colocated,16384,40,16.035333000004925
colocated,16384,41,15.136209999994321
colocated,16384,42,14.545711000010897
colocated,16384,43,14.496084999990444
colocated,16384,44,14.208230999997795
colocated,16384,45,14.620152000006215
colocated,16384,46,14.694321000007449
colocated,16384,47,14.927125999989244
colocated,16384,48,14.96823000000802
colocated,16384,49,15.046971999993275
colocated,16384,50,15.182050999996477
colocated,16384,51,14.806452000001968
colocated,16384,52,15.41751800000668
colocated,16384,53,15.188522000002536
colocated,16384,54,15.739195999998401
colocated,16384,55,15.50156700000116
colocated,16384,56,15.720943999994574
colocated,16384,57,15.649042999996254
colocated,16384,58,15.605544999999665
colocated,16384,59,15.68355700000268
colocated,16384,60,15.928813000002151
colocated,16384,61,16.063275999997018
colocated,16384,62,15.960812000002988
colocated,16384,63,16.171818000003668
colocated,16384,64,16.015649999999937
colocated,16384,65,16.13291399999639
colocated,16384,66,15.796257999994623
colocated,16384,67,16.299319000012247
colocated,16384,68,16.137915999991037
colocated,16384,69,15.725674999998773
colocated,16384,70,16.084898000002568
colocated,16384,71,15.535678999995639
colocated,16384,72,16.025675000008732
colocated,16384,73,16.121877000003337
colocated,16384,74,15.777990999993108
colocated,16384,75,15.146489000002816
colocated,16384,76,14.65597099999627
colocated,16384,77,14.013340000005314
colocated,16384,78,14.229872000001365
colocated,16384,79,14.071005999994668
colocated,16384,80,13.929528999995
colocated,16384,81,13.54156200000034
colocated,16384,82,13.925589999999488
colocated,16384,83,13.786534000004735
colocated,16384,84,14.44684999999879
colocated,16384,85,14.766136000005758
colocated,16384,86,16.878485999995974
colocated,16384,87,15.261538000004293
colocated,16384,88,14.77285400000028
colocated,16384,89,14.458206000000473
colocated,16384,90,15.107195999988221
colocated,16384,91,14.77281400001118
colocated,16384,92,14.98384699999633
colocated,16384,93,14.79949199999453
colocated,16384,94,15.462370000008718
colocated,16384,95,15.109789999996792
colocated,16384,96,15.305378999997288
colocated,16384,97,15.166063999998869
colocated,16384,98,15.0472480000019
colocated,16384,99,15.293635999995558
chunked-512,16384,0,14.937862000010682
chunked-512,16384,1,14.937184999993747
chunked-512,16384,2,14.794266999999195
chunked-512,16384,3,14.90404000000467
chunked-512,16384,4,15.019008999999528
chunked-512,16384,5,15.168055000003733
chunked-512,16384,6,14.919764999987706
chunked-512,16384,7,15.252802000006227
chunked-512,16384,8,14.967501000000993
chunked-512,16384,9,15.878991999997538
chunked-512,16384,10,14.623197999995341
chunked-512,16384,11,14.555005000005394
chunked-512,16384,12,14.532998000007069
chunked-512,16384,13,14.175673999986316
chunked-512,16384,14,14.481609000000617
chunked-512,16384,15,14.623184000001288
chunked-512,16384,16,14.568934999999783
chunked-512,16384,17,15.129418000000783
chunked-512,16384,18,16.97613600001091
chunked-512,16384,19,17.773470999998153
chunked-512,16384,20,35.85189899999364
chunked-512,16384,21,37.016868999998565
chunked-512,16384,22,37.81767700000671
chunked-512,16384,23,34.221645000002354
chunked-512,16384,24,32.65286399999923
chunked-512,16384,25,33.87872300000083
chunked-512,16384,26,36.63471399998741
chunked-512,16384,27,36.56353800001
chunked-512,16384,28,37.868611999996915
chunked-512,16384,29,39.14953999999682
chunked-512,16384,30,40.441944000008334
chunked-512,16384,31,41.579781999999454
chunked-512,16384,32,42.83997499999259
chunked-512,16384,33,44.344316999996636
chunked-512,16384,34,45.32075200000918
chunked-512,16384,35,46.790244999996844
chunked-512,16384,36,47.83422500000256
chunked-512,16384,37,49.5140259999971
chunked-512,16384,38,50.66012499999317
chunked-512,16384,39,51.77771400001063
chunked-512,16384,40,52.79337799998984
chunked-512,16384,41,54.015838000012195
chunked-512,16384,42,55.36269899999979
chunked-512,16384,43,56.4722689999968
chunked-512,16384,44,57.95749199999989
chunked-512,16384,45,59.308462999993594
chunked-512,16384,46,60.64312200000188
chunked-512,16384,47,61.91511699999808
chunked-512,16384,48,63.10058100000049
chunked-512,16384,49,64.21362100000749
chunked-512,16384,50,65.39718099999448
chunked-512,16384,51,74.2675089999949
chunked-512,16384,52,17.80047700000864
chunked-512,16384,53,17.87431099999992
chunked-512,16384,54,14.823057000000972
chunked-512,16384,55,16.559350999997946
chunked-512,16384,56,15.0776239999999
chunked-512,16384,57,14.463535000004413
chunked-512,16384,58,15.148978999988572
chunked-512,16384,59,16.12072400000386
chunked-512,16384,60,15.732165000002851
chunked-512,16384,61,15.419919999999365
chunked-512,16384,62,14.339909000000262
chunked-512,16384,63,14.31999999999789
chunked-512,16384,64,14.118519999996693
chunked-512,16384,65,14.334352000005879
chunked-512,16384,66,14.812692999996102
chunked-512,16384,67,14.552875000006793
chunked-512,16384,68,14.654452999991463
chunked-512,16384,69,14.242494000001216
chunked-512,16384,70,14.825204000004533
chunked-512,16384,71,16.46207699999991
chunked-512,16384,72,17.873574999995867
chunked-512,16384,73,16.753002000001516
chunked-512,16384,74,16.463211000001365
chunked-512,16384,75,17.290192000004367
chunked-512,16384,76,15.09461199999862
chunked-512,16384,77,14.566490999996518
chunked-512,16384,78,14.467019000008463
chunked-512,16384,79,14.320300999997926
chunked-512,16384,80,15.10132599999281
chunked-512,16384,81,18.33523500000922
chunked-512,16384,82,15.35230799998999
chunked-512,16384,83,16.610866999997143
chunked-512,16384,84,15.23677900000564
chunked-512,16384,85,16.17328899999393
chunked-512,16384,86,17.055642000002535
chunked-512,16384,87,18.604797999998368
chunked-512,16384,88,16.065863000008562
chunked-512,16384,89,16.698211999994328
chunked-512,16384,90,19.823216000006028
chunked-512,16384,91,17.078222999998616
chunked-512,16384,92,15.102240000004485
chunked-512,16384,93,15.198470999990832
chunked-512,16384,94,14.966143000009424
chunked-512,16384,95,14.908808999990697
chunked-512,16384,96,14.925298999997949
chunked-512,16384,97,16.465121000010186
chunked-512,16384,98,18.027107999998293
chunked-512,16384,99,16.52257499999621
chunked-2048,16384,0,15.872651999998766
chunked-2048,16384,1,15.590793999990638
chunked-2048,16384,2,15.438443000007851
chunked-2048,16384,3,17.468527999994876
chunked-2048,16384,4,15.278676999997742
chunked-2048,16384,5,15.280989000004297
chunked-2048,16384,6,15.713180999995302
chunked-2048,16384,7,16.654125000002296
chunked-2048,16384,8,15.763923000008617
chunked-2048,16384,9,15.147235999990016
chunked-2048,16384,10,15.252424000010478
chunked-2048,16384,11,15.327353999992965
chunked-2048,16384,12,15.144438000007199
chunked-2048,16384,13,15.467868999991197
chunked-2048,16384,14,15.36526400001037
chunked-2048,16384,15,15.165971999991257
chunked-2048,16384,16,15.171850000001541
chunked-2048,16384,17,14.859830999995438
chunked-2048,16384,18,15.082984000002853
chunked-2048,16384,19,15.504426000006788
chunked-2048,16384,20,64.89892599999791
chunked-2048,16384,21,92.13325999999711
chunked-2048,16384,22,107.01745000000074
chunked-2048,16384,23,122.09686799999986
chunked-2048,16384,24,136.51363200000333
chunked-2048,16384,25,151.24039399999845
chunked-2048,16384,26,166.51914099999487
chunked-2048,16384,27,188.48459600000922
chunked-2048,16384,28,15.061355000000276
chunked-2048,16384,29,14.884066999997003
chunked-2048,16384,30,14.646107999993774
chunked-2048,16384,31,14.500768000004882
chunked-2048,16384,32,14.928617999999005
chunked-2048,16384,33,21.57314000000099
chunked-2048,16384,34,14.476364999993052
chunked-2048,16384,35,14.023125000008463
chunked-2048,16384,36,13.912445000002549
chunked-2048,16384,37,14.447391999993897
chunked-2048,16384,38,13.994366000005698
chunked-2048,16384,39,14.090381999992019
chunked-2048,16384,40,14.119527000005405
chunked-2048,16384,41,14.912585999994121
chunked-2048,16384,42,14.44472600000779
chunked-2048,16384,43,14.760894999994889
chunked-2048,16384,44,14.29848499999764
chunked-2048,16384,45,14.48731700000394
chunked-2048,16384,46,15.031843999992134
chunked-2048,16384,47,14.811981000008245
chunked-2048,16384,48,14.651725999996756
chunked-2048,16384,49,14.265264000002276
chunked-2048,16384,50,14.344358999991869
chunked-2048,16384,51,14.72540200001049
chunked-2048,16384,52,14.807837999995854
chunked-2048,16384,53,14.592914000004953
chunked-2048,16384,54,14.202542999996126
chunked-2048,16384,55,14.97776499999759
chunked-2048,16384,56,14.353053000007776
chunked-2048,16384,57,14.45906499999694
chunked-2048,16384,58,15.1597609999925
chunked-2048,16384,59,14.811182000002532
chunked-2048,16384,60,14.09892399999535
chunked-2048,16384,61,14.50685300000032
chunked-2048,16384,62,14.043621000013218
chunked-2048,16384,63,14.664895999999317
chunked-2048,16384,64,14.52847899999199
chunked-2048,16384,65,14.661982000006901
chunked-2048,16384,66,14.519492999994554
chunked-2048,16384,67,14.551964999995448
chunked-2048,16384,68,14.479084000001308
chunked-2048,16384,69,14.696893000007094
chunked-2048,16384,70,14.88864299999193
chunked-2048,16384,71,14.615067999997677
chunked-2048,16384,72,15.037979000013024
chunked-2048,16384,73,16.901454999995735
chunked-2048,16384,74,19.825742999998397
chunked-2048,16384,75,18.973582000000988
chunked-2048,16384,76,18.82765099999517
chunked-2048,16384,77,18.638457000008657
chunked-2048,16384,78,18.634022999989952
chunked-2048,16384,79,18.86239499999931
chunked-2048,16384,80,18.90243400001168
chunked-2048,16384,81,18.87029899999959
chunked-2048,16384,82,18.77480099999218
chunked-2048,16384,83,17.545038000008617
chunked-2048,16384,84,14.695340999992368
chunked-2048,16384,85,15.187717000003431
chunked-2048,16384,86,16.334838999995327
chunked-2048,16384,87,15.070917000002737
chunked-2048,16384,88,15.701375000006124
chunked-2048,16384,89,15.472330999998007
chunked-2048,16384,90,15.176256999993143
chunked-2048,16384,91,15.233494000000292
chunked-2048,16384,92,15.695918000005804
chunked-2048,16384,93,15.099813999995604
chunked-2048,16384,94,14.505451999994534
chunked-2048,16384,95,15.321150000005446
chunked-2048,16384,96,14.676792000003047
chunked-2048,16384,97,15.11016199999915
chunked-2048,16384,98,15.06566300000145
chunked-2048,16384,99,15.548777999995878
disaggregated-thread,16384,0,15.024133000011375
disaggregated-thread,16384,1,14.46394699999587
disaggregated-thread,16384,2,14.398284999998623
disaggregated-thread,16384,3,14.19340600000396
disaggregated-thread,16384,4,14.059255999995912
disaggregated-thread,16384,5,14.412198000002263
disaggregated-thread,16384,6,14.309577999995327
disaggregated-thread,16384,7,14.390501999997696
disaggregated-thread,16384,8,14.250788000012449
disaggregated-thread,16384,9,13.995391999998219
disaggregated-thread,16384,10,13.951634999997964
disaggregated-thread,16384,11,14.276601999995364
disaggregated-thread,16384,12,14.13292700000568
disaggregated-thread,16384,13,14.716629999995234
disaggregated-thread,16384,14,14.504236000007609
disaggregated-thread,16384,15,14.323050999990983
disaggregated-thread,16384,16,14.438702999996167
disaggregated-thread,16384,17,14.330149000002734
disaggregated-thread,16384,18,14.12989000000664
disaggregated-thread,16384,19,14.090314999990028
disaggregated-thread,16384,20,54.44543400000157
disaggregated-thread,16384,21,19.2710650000123
disaggregated-thread,16384,22,20.44799299999056
disaggregated-thread,16384,23,479.5176980000093
disaggregated-thread,16384,24,19.36611999998661
disaggregated-thread,16384,25,17.5480090000093
disaggregated-thread,16384,26,17.338131000002477
disaggregated-thread,16384,27,15.119789999999966
disaggregated-thread,16384,28,15.599615999988714
disaggregated-thread,16384,29,17.63085800000397
disaggregated-thread,16384,30,16.668143000003965
disaggregated-thread,16384,31,15.114768999993089
disaggregated-thread,16384,32,15.08233600000608
disaggregated-thread,16384,33,17.532161999994855
disaggregated-thread,16384,34,15.164202999997656
disaggregated-thread,16384,35,14.363092000010624
disaggregated-thread,16384,36,15.032492999992542
disaggregated-thread,16384,37,14.862285000006636
disaggregated-thread,16384,38,14.532672000001412
disaggregated-thread,16384,39,15.591755999992074
disaggregated-thread,16384,40,14.523603000000662
disaggregated-thread,16384,41,14.664620000004902
disaggregated-thread,16384,42,15.323906999995529
disaggregated-thread,16384,43,20.22057700000346
disaggregated-thread,16384,44,15.274812000001248
disaggregated-thread,16384,45,13.993150999993986
disaggregated-thread,16384,46,14.279391000002306
disaggregated-thread,16384,47,14.321453999997402
disaggregated-thread,16384,48,16.213012000008575
disaggregated-thread,16384,49,15.647849999993468
disaggregated-thread,16384,50,15.104211000007695
disaggregated-thread,16384,51,14.721573999992188
disaggregated-thread,16384,52,15.014731999997366
disaggregated-thread,16384,53,14.997012000009136
disaggregated-thread,16384,54,14.480564999999501
disaggregated-thread,16384,55,15.150104999989367
disaggregated-thread,16384,56,16.321498000010592
disaggregated-thread,16384,57,15.459753000001797
disaggregated-thread,16384,58,17.355799000000616
disaggregated-thread,16384,59,18.552861999992842
disaggregated-thread,16384,60,14.440226999994366
disaggregated-thread,16384,61,15.087188000009633
disaggregated-thread,16384,62,14.762196999996036
disaggregated-thread,16384,63,14.906534000004967
disaggregated-thread,16384,64,14.513088999990487
disaggregated-thread,16384,65,15.255813999999646
disaggregated-thread,16384,66,17.78885400000263
disaggregated-thread,16384,67,15.569231000000627
disaggregated-thread,16384,68,14.639979000008907
disaggregated-thread,16384,69,14.744062999994867
disaggregated-thread,16384,70,16.537263000003577
disaggregated-thread,16384,71,16.000387999994814
disaggregated-thread,16384,72,14.456636000005574
disaggregated-thread,16384,73,14.058255999998437
disaggregated-thread,16384,74,16.27801299999021
disaggregated-thread,16384,75,18.30977200000916
disaggregated-thread,16384,76,17.847579999994423
disaggregated-thread,16384,77,14.415726999999379
disaggregated-thread,16384,78,14.127080000008618
disaggregated-thread,16384,79,14.370397999996953
disaggregated-thread,16384,80,14.085468999994077
disaggregated-thread,16384,81,14.15733400000363
disaggregated-thread,16384,82,14.390638999998373
disaggregated-thread,16384,83,14.653210000005856
disaggregated-thread,16384,84,13.87886599999888
disaggregated-thread,16384,85,15.001781999998798
disaggregated-thread,16384,86,14.244993999994904
disaggregated-thread,16384,87,14.99395100000811
disaggregated-thread,16384,88,14.260449999994762
disaggregated-thread,16384,89,14.150494999995544
disaggregated-thread,16384,90,17.89495300000965
disaggregated-thread,16384,91,15.69112299999631
disaggregated-thread,16384,92,14.173548000002256
disaggregated-thread,16384,93,14.561684999989666
disaggregated-thread,16384,94,13.891255000004321
disaggregated-thread,16384,95,13.980548000006365
disaggregated-thread,16384,96,15.034232999994401
disaggregated-thread,16384,97,14.335484000000065
disaggregated-thread,16384,98,14.654344999996738
disaggregated-thread,16384,99,13.896193000007884
disaggregated-process,16384,0,14.458063000006405
disaggregated-process,16384,1,14.38731300000029
disaggregated-process,16384,2,14.238194000000703
disaggregated-process,16384,3,13.937063000000194
disaggregated-process,16384,4,14.358153999992851
disaggregated-process,16384,5,14.386807000008162
disaggregated-process,16384,6,14.20631599999922
disaggregated-process,16384,7,14.675203999999553
disaggregated-process,16384,8,17.710859000004575
disaggregated-process,16384,9,14.479268999991746
disaggregated-process,16384,10,14.108444000001441
disaggregated-process,16384,11,14.26141999999686
disaggregated-process,16384,12,14.392290000003527
disaggregated-process,16384,13,14.311579000008123
disaggregated-process,16384,14,14.335523999989164
disaggregated-process,16384,15,13.839246000003413
disaggregated-process,16384,16,14.074195999995709
disaggregated-process,16384,17,14.416621999998824
disaggregated-process,16384,18,14.312103000008847
disaggregated-process,16384,19,15.552913999997031
disaggregated-process,16384,20,18.066509999997038
disaggregated-process,16384,21,20.305729000000383
disaggregated-process,16384,22,21.246196999996414
disaggregated-process,16384,23,20.172826000006694
disaggregated-process,16384,24,20.81785599999364
disaggregated-process,16384,25,16.006059000005735
disaggregated-process,16384,26,14.983795999995664
disaggregated-process,16384,27,14.571063000005324
disaggregated-process,16384,28,14.419239000005746
disaggregated-process,16384,29,14.40383699998904
disaggregated-process,16384,30,14.305868000008104
disaggregated-process,16384,31,14.62306399999136
disaggregated-process,16384,32,14.31625800000802
disaggregated-process,16384,33,14.377045999992788
disaggregated-process,16384,34,14.176809000005619
disaggregated-process,16384,35,14.383842000000868
disaggregated-process,16384,36,13.875159999997777
disaggregated-process,16384,37,13.718780999994351
disaggregated-process,16384,38,13.65653500000974
disaggregated-process,16384,39,13.664250999994465
disaggregated-process,16384,40,13.627298000002952
disaggregated-process,16384,41,13.629230999995912
disaggregated-process,16384,42,13.70696700000451
disaggregated-process,16384,43,13.64113600000394
disaggregated-process,16384,44,13.592492000000789
disaggregated-process,16384,45,13.569092999986765
disaggregated-process,16384,46,13.57705100001283
disaggregated-process,16384,47,13.670805999993263
disaggregated-process,16384,48,13.67654899999593
disaggregated-process,16384,49,13.611562000008348
disaggregated-process,16384,50,13.613519999992718
disaggregated-process,16384,51,13.684570999998869
disaggregated-process,16384,52,13.473390000001473
disaggregated-process,16384,53,13.864831000006461
disaggregated-process,16384,54,13.65894199999218
disaggregated-process,16384,55,13.797824000008063
disaggregated-process,16384,56,13.794001999997363
disaggregated-process,16384,57,13.78948999999352
disaggregated-process,16384,58,13.923894000001269
disaggregated-process,16384,59,13.87121800000557
disaggregated-process,16384,60,13.760470999997665
disaggregated-process,16384,61,13.7256800000074
disaggregated-process,16384,62,13.731546999991906
disaggregated-process,16384,63,13.753643000001148
disaggregated-process,16384,64,13.69132700000364
disaggregated-process,16384,65,13.958750000000464
disaggregated-process,16384,66,14.048700999993002
disaggregated-process,16384,67,13.999568000002682
disaggregated-process,16384,68,13.631227999994167
disaggregated-process,16384,69,13.651004999999827
disaggregated-process,16384,70,13.653103000009992
disaggregated-process,16384,71,13.629319000003193
disaggregated-process,16384,72,13.622651999995128
disaggregated-process,16384,73,13.595303000002446
disaggregated-process,16384,74,13.656787000002168
disaggregated-process,16384,75,13.60588000000007
disaggregated-process,16384,76,13.594171999997684
disaggregated-process,16384,77,13.696140999996942
disaggregated-process,16384,78,13.647387000006006
disaggregated-process,16384,79,13.59729999998649
disaggregated-process,16384,80,13.778700000003141
disaggregated-process,16384,81,13.770382000004133
disaggregated-process,16384,82,13.74552000000051
disaggregated-process,16384,83,13.768828999999982
disaggregated-process,16384,84,13.707588999992026
disaggregated-process,16384,85,14.086444000000142
disaggregated-process,16384,86,13.724534000004951
disaggregated-process,16384,87,13.66815200000815
disaggregated-process,16384,88,14.07198999999082
disaggregated-process,16384,89,13.718882999995685
disaggregated-process,16384,90,13.982097000010185
disaggregated-process,16384,91,13.706357999993202
disaggregated-process,16384,92,13.795553000008454
disaggregated-process,16384,93,13.68341199999179
disaggregated-process,16384,94,13.66397500000005
disaggregated-process,16384,95,13.804665000009209
disaggregated-process,16384,96,13.631764999999518
disaggregated-process,16384,97,13.760178999987716
disaggregated-process,16384,98,13.72295600000939
disaggregated-process,16384,99,13.7900799999926
colocated,32768,0,15.291656999991687
colocated,32768,1,14.650806999995325
colocated,32768,2,14.496965000006412
colocated,32768,3,14.151874000006615
colocated,32768,4,14.149375999991776
colocated,32768,5,14.168413000007263
colocated,32768,6,14.107744000000366
colocated,32768,7,14.143106999995325
colocated,32768,8,14.255460000001108
colocated,32768,9,13.968859000001999
colocated,32768,10,14.133703999988256
colocated,32768,11,14.150180000001455
colocated,32768,12,14.169483000003424
colocated,32768,13,14.109254000004512
colocated,32768,14,14.140116999996621
colocated,32768,15,14.105045000007976
colocated,32768,16,14.051950999999008
colocated,32768,17,14.246650999993449
colocated,32768,18,14.073172999999883
colocated,32768,19,14.027948999995488
colocated,32768,20,1471.5929020000117
colocated,32768,21,14.8751309999966
colocated,32768,22,14.493744999995783
colocated,32768,23,14.20028399999751
colocated,32768,24,14.403608000009172
colocated,32768,25,14.4079149999925
colocated,32768,26,14.543032000005951
colocated,32768,27,14.442490999996949
colocated,32768,28,14.430507000000148
colocated,32768,29,14.394815999992261
colocated,32768,30,14.486720000007836
colocated,32768,31,14.524330000000418
colocated,32768,32,14.440831000001708
colocated,32768,33,14.50305199999491
colocated,32768,34,14.557992000007403
colocated,32768,35,14.555596999997533
colocated,32768,36,14.58965499999465
colocated,32768,37,14.552281000007383
colocated,32768,38,14.5836399999979
colocated,32768,39,14.456991000002972
colocated,32768,40,14.48871699999188
colocated,32768,41,14.63610800000481
colocated,32768,42,14.60399199999074
colocated,32768,43,14.530672000006462
colocated,32768,44,14.537129999993681
colocated,32768,45,14.870169000005262
colocated,32768,46,14.66114900000548
colocated,32768,47,14.491530999990232
colocated,32768,48,14.58910499999888
colocated,32768,49,15.10969600001033
colocated,32768,50,15.000737999997682
colocated,32768,51,14.904235999992466
colocated,32768,52,14.718934000001127
colocated,32768,53,14.632229000000052
colocated,32768,54,14.64829400001122
colocated,32768,55,14.681570999997007
colocated,32768,56,14.521310999995762
colocated,32768,57,14.372192999999811
colocated,32768,58,14.726494000001367
colocated,32768,59,14.716661999997882
colocated,32768,60,14.942886000000044
colocated,32768,61,15.05332199999998
colocated,32768,62,14.86170500000128
colocated,32768,63,14.72020100000293
colocated,32768,64,14.678570000000946
colocated,32768,65,14.829950999995845
colocated,32768,66,14.91130200000157
colocated,32768,67,14.829852000005417
colocated,32768,68,14.703513999990037
colocated,32768,69,14.613874000005467
colocated,32768,70,14.68749299999672
colocated,32768,71,14.535992000006104
colocated,32768,72,14.509959999998046
colocated,32768,73,14.411425999995231
colocated,32768,74,14.274345000004018
colocated,32768,75,14.503508999993642
colocated,32768,76,14.863016000006724
colocated,32768,77,14.336743000001206
colocated,32768,78,14.43739500000163
colocated,32768,79,14.399116999996409
colocated,32768,80,14.424743999995826
colocated,32768,81,14.324002999998697
colocated,32768,82,14.417188999999553
colocated,32768,83,14.322358000001145
colocated,32768,84,14.384257000003231
colocated,32768,85,14.33813600000633
colocated,32768,86,14.302128999986508
colocated,32768,87,14.306382000000895
colocated,32768,88,14.407050000002641
colocated,32768,89,14.32242200000644
colocated,32768,90,14.429352999997036
colocated,32768,91,14.350616000001537
colocated,32768,92,14.406316999995283
colocated,32768,93,14.818994999998836
colocated,32768,94,14.62446600000078
colocated,32768,95,14.559224000009863
colocated,32768,96,14.9443139999903
colocated,32768,97,14.535557000002086
colocated,32768,98,14.450648999996929
colocated,32768,99,14.43875300000741
chunked-512,32768,0,14.468825999998103
chunked-512,32768,1,14.581683000002954
chunked-512,32768,2,14.947339999991982
chunked-512,32768,3,14.630168000010713
chunked-512,32768,4,17.80974499999388
chunked-512,32768,5,15.82844400000738
chunked-512,32768,6,14.539321000000882
chunked-512,32768,7,15.407401999993908
chunked-512,32768,8,16.03544499999998
chunked-512,32768,9,14.481271999997603
chunked-512,32768,10,14.280425999999125
chunked-512,32768,11,14.368179000001646
chunked-512,32768,12,14.38051499999915
chunked-512,32768,13,14.399330000003374
chunked-512,32768,14,14.288419999999746
chunked-512,32768,15,14.31781499999829
chunked-512,32768,16,14.294939999999201
chunked-512,32768,17,14.230729999994196
chunked-512,32768,18,14.229626000002327
chunked-512,32768,19,14.228440000010778
chunked-512,32768,20,28.373380999994424
chunked-512,32768,21,29.88269300000468
chunked-512,32768,22,30.353489999995986
chunked-512,32768,23,31.315379000005805
chunked-512,32768,24,32.91445699998974
chunked-512,32768,25,34.003885000004175
chunked-512,32768,26,35.28582900000288
chunked-512,32768,27,36.64701299999251
chunked-512,32768,28,37.93865900000526
chunked-512,32768,29,39.29285499999935
chunked-512,32768,30,40.64678299999969
chunked-512,32768,31,41.80873999999335
chunked-512,32768,32,43.015355000008526
chunked-512,32768,33,44.29214200000331
chunked-512,32768,34,45.61212699999828
chunked-512,32768,35,46.851911999993945
chunked-512,32768,36,48.20020700000782
chunked-512,32768,37,49.37534100000107
chunked-512,32768,38,50.49465899999461
chunked-512,32768,39,51.68171299999358
chunked-512,32768,40,53.101710000007074
chunked-512,32768,41,54.326150999997935
chunked-512,32768,42,56.27276299999551
chunked-512,32768,43,56.862399000010555
chunked-512,32768,44,58.01821699999721
chunked-512,32768,45,59.295504999994364
chunked-512,32768,46,60.741372999999044
chunked-512,32768,47,61.87410100000079
chunked-512,32768,48,63.12553300000445
chunked-512,32768,49,64.45764100000417
chunked-512,32768,50,65.68513299998813
chunked-512,32768,51,67.04714600000727
chunked-512,32768,52,68.17490899999257
chunked-512,32768,53,69.42477200000496
chunked-512,32768,54,70.72297999999932
chunked-512,32768,55,72.00600599999518
chunked-512,32768,56,73.17267900000957
chunked-512,32768,57,74.43255199999044
chunked-512,32768,58,75.67208500000788
chunked-512,32768,59,76.93295199999284
chunked-512,32768,60,78.17100500000151
chunked-512,32768,61,79.2923470000062
chunked-512,32768,62,80.66220300000282
chunked-512,32768,63,81.84999099999857
chunked-512,32768,64,83.17998599999044
chunked-512,32768,65,84.6620500000057
chunked-512,32768,66,85.76062999999579
chunked-512,32768,67,87.03988800000673
chunked-512,32768,68,88.3536549999917
chunked-512,32768,69,89.54587200000219
chunked-512,32768,70,90.78568200000348
chunked-512,32768,71,92.0216770000053
chunked-512,32768,72,93.71227999999121
chunked-512,32768,73,94.62387199999966
chunked-512,32768,74,95.69319800000642
chunked-512,32768,75,97.01235199999303
chunked-512,32768,76,98.0820030000018
chunked-512,32768,77,99.61513000000366
chunked-512,32768,78,101.0074640000056
chunked-512,32768,79,102.17115399998988
chunked-512,32768,80,103.06723000000773
chunked-512,32768,81,104.56911499998967
chunked-512,32768,82,105.91217099999994
chunked-512,32768,83,111.48634000001323
chunked-512,32768,84,12.618551999992178
chunked-512,32768,85,12.788686999996912
chunked-512,32768,86,14.602870000004486
chunked-512,32768,87,15.13405699999737
chunked-512,32768,88,15.182535000008102
chunked-512,32768,89,14.468735999997762
chunked-512,32768,90,14.348689000001968
chunked-512,32768,91,14.304068999990704
chunked-512,32768,92,14.37165800000173
chunked-512,32768,93,14.450800999995295
chunked-512,32768,94,14.503185000009466
chunked-512,32768,95,14.545624999996676
chunked-512,32768,96,14.305706000001805
chunked-512,32768,97,14.374036999996065
chunked-512,32768,98,14.426127999996652
chunked-512,32768,99,14.541618000009748
chunked-2048,32768,0,15.045546999999715
chunked-2048,32768,1,14.602127000003406
chunked-2048,32768,2,14.318755000005012
chunked-2048,32768,3,14.355371999997146
chunked-2048,32768,4,14.348019999999906
chunked-2048,32768,5,14.272399999995855
chunked-2048,32768,6,14.577400999996826
chunked-2048,32768,7,14.215587000009577
chunked-2048,32768,8,14.269075999990832
chunked-2048,32768,9,14.271174000000997
chunked-2048,32768,10,14.28486999999734
chunked-2048,32768,11,14.306521000008843
chunked-2048,32768,12,14.186871999996242
chunked-2048,32768,13,14.202640000007705
chunked-2048,32768,14,14.289072999986274
chunked-2048,32768,15,14.25022100001172
chunked-2048,32768,16,14.294544999998493
chunked-2048,32768,17,14.198062999994931
chunked-2048,32768,18,14.314182000006781
chunked-2048,32768,19,14.303208999990602
chunked-2048,32768,20,65.01455600000838
chunked-2048,32768,21,92.77420299999051
chunked-2048,32768,22,107.45136300000979
chunked-2048,32768,23,122.05361499999867
chunked-2048,32768,24,136.24080699999297
chunked-2048,32768,25,150.4249700000031
chunked-2048,32768,26,165.42185800000198
chunked-2048,32768,27,180.67051100000242
chunked-2048,32768,28,195.25806800000112
chunked-2048,32768,29,210.57029799999327
chunked-2048,32768,30,225.43353800000432
chunked-2048,32768,31,240.54340499999682
chunked-2048,32768,32,255.62504799999886
chunked-2048,32768,33,270.42686500000457
chunked-2048,32768,34,285.62386599999456
chunked-2048,32768,35,307.9039510000001
chunked-2048,32768,36,15.385215000009111
chunked-2048,32768,37,15.166733999990356
chunked-2048,32768,38,15.498641000007751
chunked-2048,32768,39,14.956244999993373
chunked-2048,32768,40,15.012783000003083
chunked-2048,32768,41,15.280365999998935
chunked-2048,32768,42,15.361204000001294
chunked-2048,32768,43,15.294646000000967
chunked-2048,32768,44,15.417358999997077
chunked-2048,32768,45,16.751130000002945
chunked-2048,32768,46,14.76888899999551
chunked-2048,32768,47,16.67392200000961
chunked-2048,32768,48,14.990329999989171
chunked-2048,32768,49,14.80973000001029
chunked-2048,32768,50,14.903475999986426
chunked-2048,32768,51,14.945426000011253
chunked-2048,32768,52,15.46781599999747
chunked-2048,32768,53,14.956522999995059
chunked-2048,32768,54,16.080580999997096
chunked-2048,32768,55,14.823868000007678
chunked-2048,32768,56,15.408171000004245
chunked-2048,32768,57,14.880126999997856
chunked-2048,32768,58,14.756679999990752
chunked-2048,32768,59,14.671615000011684
chunked-2048,32768,60,15.781320999991522
chunked-2048,32768,61,15.359785000001125
chunked-2048,32768,62,15.897926000008056
chunked-2048,32768,63,17.337157000000047
chunked-2048,32768,64,14.922287999993955
chunked-2048,32768,65,15.168973000001529
chunked-2048,32768,66,15.585353999995277
chunked-2048,32768,67,15.817753000007428
chunked-2048,32768,68,19.451270999994108
chunked-2048,32768,69,17.544311999998286
chunked-2048,32768,70,18.60340800000415
chunked-2048,32768,71,15.561505999997394
chunked-2048,32768,72,18.740581000002976
chunked-2048,32768,73,15.742996000000176
chunked-2048,32768,74,16.484884999997007
chunked-2048,32768,75,16.17686299999832
chunked-2048,32768,76,16.786291000002507
chunked-2048,32768,77,16.33165900000222
chunked-2048,32768,78,16.21618199999375
chunked-2048,32768,79,15.316668000011191
chunked-2048,32768,80,17.272463999987053
chunked-2048,32768,81,16.352810000000773
chunked-2048,32768,82,15.516850000011573
chunked-2048,32768,83,15.897331999994435
chunked-2048,32768,84,16.262425999997276
chunked-2048,32768,85,15.039772999998036
chunked-2048,32768,86,15.796799000000306
chunked-2048,32768,87,16.131670000007148
chunked-2048,32768,88,15.859304999992219
chunked-2048,32768,89,16.235784000002695
chunked-2048,32768,90,15.32004300000267
chunked-2048,32768,91,15.581855999997174
chunked-2048,32768,92,16.323240000005512
chunked-2048,32768,93,16.188845999991486
chunked-2048,32768,94,18.197925999999143
chunked-2048,32768,95,15.682956000006243
chunked-2048,32768,96,16.00249199999837
chunked-2048,32768,97,16.42604200000619
chunked-2048,32768,98,16.105069999994726
chunked-2048,32768,99,16.06729899999948
disaggregated-thread,32768,0,16.126520000000255
disaggregated-thread,32768,1,15.817788999996196
disaggregated-thread,32768,2,15.429589000007127
disaggregated-thread,32768,3,15.112080999998057
disaggregated-thread,32768,4,14.406848999996669
disaggregated-thread,32768,5,14.053693000008138
disaggregated-thread,32768,6,13.878935999997566
disaggregated-thread,32768,7,13.730490000000373
disaggregated-thread,32768,8,14.045236999990607
disaggregated-thread,32768,9,14.37545699999987
disaggregated-thread,32768,10,14.528178000006164
disaggregated-thread,32768,11,14.732675999994171
disaggregated-thread,32768,12,15.535747000001265
disaggregated-thread,32768,13,15.024000000011029
disaggregated-thread,32768,14,15.01279199999317
disaggregated-thread,32768,15,19.31660700000748
disaggregated-thread,32768,16,20.46608899999569
disaggregated-thread,32768,17,15.931808999994246
disaggregated-thread,32768,18,15.847002000000998
disaggregated-thread,32768,19,16.837090999999305
disaggregated-thread,32768,20,58.17708400000754
disaggregated-thread,32768,21,18.34942699998976
disaggregated-thread,32768,22,22.02740399999925
disaggregated-thread,32768,23,17.695850000009727
disaggregated-thread,32768,24,15.903053000002387
disaggregated-thread,32768,25,20.056167999996433
disaggregated-thread,32768,26,20.902841999998145
disaggregated-thread,32768,27,17.596871999998598
disaggregated-thread,32768,28,19.078226999994286
disaggregated-thread,32768,29,16.872777000003225
disaggregated-thread,32768,30,16.678906000009874
disaggregated-thread,32768,31,23.396758999993494
disaggregated-thread,32768,32,16.44297299999664
disaggregated-thread,32768,33,20.820529000005195
disaggregated-thread,32768,34,1160.5251950000052
disaggregated-thread,32768,35,22.979004999996278
disaggregated-thread,32768,36,20.20142499999622
disaggregated-thread,32768,37,20.38223099999925
disaggregated-thread,32768,38,17.62880500000108
disaggregated-thread,32768,39,14.681023999997933
disaggregated-thread,32768,40,16.71547000000828
disaggregated-thread,32768,41,17.02647799999113
disaggregated-thread,32768,42,19.043475000003696
disaggregated-thread,32768,43,20.079109999997513
disaggregated-thread,32768,44,19.076548000001026
disaggregated-thread,32768,45,15.435373000002528
disaggregated-thread,32768,46,15.457881000003226
disaggregated-thread,32768,47,15.073913999998467
disaggregated-thread,32768,48,14.83900200000221
disaggregated-thread,32768,49,14.398708999991072
disaggregated-thread,32768,50,14.415057000007891
disaggregated-thread,32768,51,14.368637999993439
disaggregated-thread,32768,52,14.472265999998513
disaggregated-thread,32768,53,14.490338000001657
disaggregated-thread,32768,54,14.351368999996339
disaggregated-thread,32768,55,14.565498999999704
disaggregated-thread,32768,56,14.830255000006787
disaggregated-thread,32768,57,15.001986000001466
disaggregated-thread,32768,58,14.388918999998168
disaggregated-thread,32768,59,14.391435999996816
disaggregated-thread,32768,60,14.423917000002007
disaggregated-thread,32768,61,14.732737000002771
disaggregated-thread,32768,62,14.723485999994068
disaggregated-thread,32768,63,14.451610999998366
disaggregated-thread,32768,64,14.471666000005712
disaggregated-thread,32768,65,14.489514999993958
disaggregated-thread,32768,66,14.429389000000015
disaggregated-thread,32768,67,14.542007000002855
disaggregated-thread,32768,68,14.455136000009361
disaggregated-thread,32768,69,14.382307999994737
disaggregated-thread,32768,70,14.394061999993824
disaggregated-thread,32768,71,14.467713000001936
disaggregated-thread,32768,72,14.361399999998525
disaggregated-thread,32768,73,14.217440999999553
disaggregated-thread,32768,74,14.39410500000804
disaggregated-thread,32768,75,14.024257000002649
disaggregated-thread,32768,76,14.13433499999428
disaggregated-thread,32768,77,14.102432000001386
disaggregated-thread,32768,78,14.213570999999092
disaggregated-thread,32768,79,21.629447999998774
disaggregated-thread,32768,80,27.522176999994485
disaggregated-thread,32768,81,20.74749600001269
disaggregated-thread,32768,82,26.748099999991837
disaggregated-thread,32768,83,27.593258999999648
disaggregated-thread,32768,84,28.008343999999852
disaggregated-thread,32768,85,28.032816999996157
disaggregated-thread,32768,86,19.82501400000558
disaggregated-thread,32768,87,18.075791000001118
disaggregated-thread,32768,88,23.72830100000556
disaggregated-thread,32768,89,27.203535999987594
disaggregated-thread,32768,90,14.644531000001848
disaggregated-thread,32768,91,16.512648000002628
disaggregated-thread,32768,92,15.375794999997083
disaggregated-thread,32768,93,15.19038700000408
disaggregated-thread,32768,94,14.362110999996958
disaggregated-thread,32768,95,17.740433000000166
disaggregated-thread,32768,96,14.44763100001012
disaggregated-thread,32768,97,17.34002099999543
disaggregated-thread,32768,98,14.306756999999948
disaggregated-thread,32768,99,16.021749999993062
disaggregated-process,32768,0,14.482823000008693
disaggregated-process,32768,1,14.436900999996283
disaggregated-process,32768,2,14.61235799999372
disaggregated-process,32768,3,14.335553999998751
disaggregated-process,32768,4,16.326008000007164
disaggregated-process,32768,5,14.448819999998364
disaggregated-process,32768,6,14.600364000003196
disaggregated-process,32768,7,15.471829999995634
disaggregated-process,32768,8,16.220892999996295
disaggregated-process,32768,9,14.739955999999665
disaggregated-process,32768,10,14.78228800000636
disaggregated-process,32768,11,14.314822000002891
disaggregated-process,32768,12,15.039584999996691
disaggregated-process,32768,13,13.894523999994135
disaggregated-process,32768,14,13.663159000003589
disaggregated-process,32768,15,14.252514000006045
disaggregated-process,32768,16,13.84025599999461
disaggregated-process,32768,17,16.44013800000721
disaggregated-process,32768,18,14.268086999990715
disaggregated-process,32768,19,14.209848000007241
disaggregated-process,32768,20,17.12666499999216
disaggregated-process,32768,21,14.320339000008175
disaggregated-process,32768,22,15.28642200000263
disaggregated-process,32768,23,16.276565999987724
disaggregated-process,32768,24,16.41143900000941
disaggregated-process,32768,25,14.207506999994735
disaggregated-process,32768,26,14.994724000004567
disaggregated-process,32768,27,14.730420999995886
disaggregated-process,32768,28,16.35815599999546
disaggregated-process,32768,29,18.050207000001706
disaggregated-process,32768,30,17.28003099999853
disaggregated-process,32768,31,15.097516000011524
disaggregated-process,32768,32,14.616474999996854
disaggregated-process,32768,33,16.31953199999714
disaggregated-process,32768,34,19.193807000007723
disaggregated-process,32768,35,20.17151499998704
disaggregated-process,32768,36,17.89155900000594
disaggregated-process,32768,37,14.368970999996122
disaggregated-process,32768,38,14.725249999997914
disaggregated-process,32768,39,19.94047000000876
disaggregated-process,32768,40,18.537389000002236
disaggregated-process,32768,41,14.831307999997989
disaggregated-process,32768,42,19.84262099999512
disaggregated-process,32768,43,21.164432999995597
disaggregated-process,32768,44,19.937617000010732
disaggregated-process,32768,45,18.5335199999912
disaggregated-process,32768,46,17.846802999997635
disaggregated-process,32768,47,19.678949000009993
disaggregated-process,32768,48,19.40962199999774
disaggregated-process,32768,49,14.894748999992657
disaggregated-process,32768,50,15.248867000011046
disaggregated-process,32768,51,14.777654999988954
disaggregated-process,32768,52,14.659434000009242
disaggregated-process,32768,53,14.735227000002737
disaggregated-process,32768,54,14.44650999999908
disaggregated-process,32768,55,14.454557999997064
disaggregated-process,32768,56,14.449169999991796
disaggregated-process,32768,57,14.405253000006724
disaggregated-process,32768,58,14.37537299999292
disaggregated-process,32768,59,14.678159000013125
disaggregated-process,32768,60,14.397740999996245
disaggregated-process,32768,61,15.407170000003134
disaggregated-process,32768,62,15.207390999989912
disaggregated-process,32768,63,14.508434000006787
disaggregated-process,32768,64,17.091511000003834
disaggregated-process,32768,65,15.387519999990218
disaggregated-process,32768,66,14.855560000000878
disaggregated-process,32768,67,15.667121000007
disaggregated-process,32768,68,15.622445999994738
disaggregated-process,32768,69,14.992215000006581
disaggregated-process,32768,70,19.98213899999257
disaggregated-process,32768,71,25.723577000007936
disaggregated-process,32768,72,15.092836999997417
disaggregated-process,32768,73,14.779857999997148
disaggregated-process,32768,74,14.5414790000018
disaggregated-process,32768,75,14.54710599999487
disaggregated-process,32768,76,14.479051000009235
disaggregated-process,32768,77,14.717854999986457
disaggregated-process,32768,78,14.772671000002902
disaggregated-process,32768,79,14.329238000001965
disaggregated-process,32768,80,14.20308800000214
disaggregated-process,32768,81,14.551703999998722
disaggregated-process,32768,82,14.623696000001019
disaggregated-process,32768,83,14.249007000003644
disaggregated-process,32768,84,14.008212999996772
disaggregated-process,32768,85,14.231542000004538
disaggregated-process,32768,86,14.174152999999023
disaggregated-process,32768,87,14.196028999990062
disaggregated-process,32768,88,14.096543000007955
disaggregated-process,32768,89,14.50159299999143
disaggregated-process,32768,90,14.523964000005662
disaggregated-process,32768,91,14.412112000002253
disaggregated-process,32768,92,14.711241000000541
disaggregated-process,32768,93,14.51358999999286
disaggregated-process,32768,94,14.509157000006212
disaggregated-process,32768,95,14.296134999995047
disaggregated-process,32768,96,14.240202000010527
disaggregated-process,32768,97,14.048187999989636
disaggregated-process,32768,98,14.110088000009569
disaggregated-process,32768,99,14.174979999992843
