run,users,prompts,completed,mean_tpot_ms,median_tpot_ms,p99_tpot_ms,mean_ttft_ms,output_tokens_per_s,per_user_tokens_per_s,preemptions,kv_cache_tokens
1,1,32,32,6.85,6.85,6.86,23.5,144.6,146.0,0,390816
1,2,32,32,6.88,6.89,6.91,40.9,284.9,145.3,0,390816
1,4,32,32,7.01,7.01,7.06,54.3,556.0,142.8,0,390816
1,8,32,32,7.33,7.26,7.65,85.8,1046.3,136.4,0,390816
1,16,64,64,8.11,7.63,9.78,178.6,1819.8,123.3,0,390816
1,32,128,128,8.53,8.35,9.42,298.6,3306.3,117.3,0,390816
1,64,256,256,10.57,10.56,12.14,488.4,5136.0,94.6,0,390816
1,128,512,512,15.16,15.34,17.47,721.8,7120.8,66.0,0,390816
1,256,1024,1024,23.64,23.76,28.74,1689.7,8457.7,42.3,0,390816
1,512,2048,2048,47.69,48.17,56.95,3071.0,8554.9,21.0,0,390816
2,1,32,32,6.87,6.85,7.39,22.8,144.2,145.5,0,390816
2,2,32,32,6.89,6.89,6.9,41.1,284.8,145.2,0,390816
2,4,32,32,7.01,7.01,7.05,58.0,554.7,142.7,0,390816
2,8,32,32,7.26,7.22,7.47,88.5,1054.7,137.7,0,390816
2,16,64,64,7.62,7.51,8.03,165.6,1939.5,131.2,0,390816
2,32,128,128,8.52,8.68,9.46,305.6,3297.5,117.3,0,390816
2,64,256,256,10.68,10.59,12.2,463.1,5129.0,93.6,0,390816
2,128,512,512,14.52,14.64,17.36,938.5,7036.4,68.9,0,390816
2,256,1024,1024,24.44,25.44,29.14,1442.0,8504.6,40.9,0,390816
2,512,2048,2048,48.5,51.07,54.35,1925.0,9122.1,20.6,0,390816
