model,tensor,headline,dtype,shape,weights,median_abs,p99_abs,max_abs,direct_zeroed_pct,direct_err_pct,tensor_zeroed_pct,tensor_err_pct,mxfp4_zeroed_pct,mxfp4_err_pct,nvfp4_zeroed_pct,nvfp4_err_pct
Qwen/Qwen3-8B,model.layers.18.mlp.down_proj.weight,True,bfloat16,4096x12288,50331648,0.0169677734375,0.0712890625,1.2109375,100.0,99.99,94.16,93.39,9.26,11.06,7.26,9.02
Qwen/Qwen3-8B,model.layers.17.mlp.down_proj.weight,False,bfloat16,4096x12288,50331648,0.01708984375,0.07080078125,1.0703125,100.0,99.99,90.87,89.42,9.17,11.03,7.21,9.01
Qwen/Qwen3-8B,model.layers.17.mlp.up_proj.weight,False,bfloat16,12288x4096,50331648,0.017578125,0.072265625,0.7265625,100.0,100.0,74.91,69.11,9.05,10.97,7.16,9.02
Qwen/Qwen3-8B,model.layers.18.mlp.gate_proj.weight,False,bfloat16,12288x4096,50331648,0.0167236328125,0.07177734375,0.6953125,100.0,99.99,74.7,68.16,9.05,10.97,7.2,9.02
Qwen/Qwen3-8B,model.layers.18.mlp.up_proj.weight,False,bfloat16,12288x4096,50331648,0.0174560546875,0.072265625,0.74609375,100.0,100.0,76.11,70.55,9.19,11.01,7.25,9.03
Qwen/Qwen3-8B,model.layers.18.self_attn.k_proj.weight,False,bfloat16,1024x4096,4194304,0.01531982421875,0.07373046875,0.326171875,100.0,100.0,45.26,34.98,9.08,10.91,7.24,9.02
Qwen/Qwen3-8B,model.layers.18.self_attn.o_proj.weight,False,bfloat16,4096x4096,16777216,0.01611328125,0.07177734375,0.69140625,100.0,99.99,75.7,68.45,8.59,10.77,6.92,8.97
Qwen/Qwen3-8B,model.layers.18.self_attn.q_proj.weight,False,bfloat16,4096x4096,16777216,0.01556396484375,0.072265625,0.41796875,100.0,100.0,54.67,44.56,8.85,10.88,7.09,9.0
Qwen/Qwen3-8B,model.layers.18.self_attn.v_proj.weight,False,bfloat16,1024x4096,4194304,0.018310546875,0.07763671875,0.1796875,100.0,100.0,22.22,17.28,9.5,10.99,7.51,9.04
Qwen/Qwen3-8B,model.layers.19.mlp.down_proj.weight,False,bfloat16,4096x12288,50331648,0.0169677734375,0.0712890625,1.2109375,100.0,99.99,94.16,93.32,9.4,11.11,7.35,9.04
Qwen/Qwen3-8B,model.layers.19.mlp.gate_proj.weight,False,bfloat16,12288x4096,50331648,0.0166015625,0.07177734375,0.85546875,100.0,99.99,83.83,79.44,9.11,10.99,7.25,9.03
Qwen/Qwen3-8B,model.layers.19.mlp.up_proj.weight,False,bfloat16,12288x4096,50331648,0.0174560546875,0.0732421875,1.25,100.0,100.0,94.27,93.51,9.3,11.03,7.31,9.02
Qwen/Qwen3-8B,model.layers.19.self_attn.k_proj.weight,False,bfloat16,1024x4096,4194304,0.014404296875,0.07080078125,0.490234375,99.99,99.91,64.66,53.66,9.45,11.06,7.5,9.09
Qwen/Qwen3-8B,model.layers.19.self_attn.o_proj.weight,False,bfloat16,4096x4096,16777216,0.01611328125,0.07275390625,0.84765625,100.0,99.98,84.03,79.13,8.64,10.79,6.96,8.98
Qwen/Qwen3-8B,model.layers.19.self_attn.q_proj.weight,False,bfloat16,4096x4096,16777216,0.01507568359375,0.0751953125,0.5,100.0,100.0,63.7,52.78,9.21,10.98,7.32,9.04
Qwen/Qwen3-8B,model.layers.19.self_attn.v_proj.weight,False,bfloat16,1024x4096,4194304,0.017578125,0.07763671875,0.25,100.0,100.0,31.81,23.97,9.94,11.09,7.85,9.08
Qwen/Qwen3-8B,model.layers.20.mlp.down_proj.weight,False,bfloat16,4096x12288,50331648,0.0172119140625,0.07177734375,0.65625,100.0,99.99,70.98,63.98,9.24,11.05,7.26,9.02
Qwen/Qwen3-8B,model.layers.20.mlp.gate_proj.weight,False,bfloat16,12288x4096,50331648,0.0166015625,0.07080078125,0.6015625,100.0,99.99,68.58,60.85,8.95,10.95,7.17,9.02
Qwen/Qwen3-8B,model.layers.20.mlp.up_proj.weight,False,bfloat16,12288x4096,50331648,0.0177001953125,0.07275390625,0.7734375,100.0,100.0,77.5,72.12,9.12,10.98,7.19,9.01
Qwen/Qwen3-8B,model.layers.20.self_attn.k_proj.weight,False,bfloat16,1024x4096,4194304,0.0142822265625,0.07373046875,0.34375,100.0,100.0,50.13,38.58,8.97,10.89,7.2,9.02
Qwen/Qwen3-8B,model.layers.20.self_attn.o_proj.weight,False,bfloat16,4096x4096,16777216,0.0162353515625,0.06982421875,0.58984375,100.0,99.99,68.51,60.4,8.57,10.79,6.94,8.98
Qwen/Qwen3-8B,model.layers.20.self_attn.q_proj.weight,False,bfloat16,4096x4096,16777216,0.01531982421875,0.0791015625,0.466796875,100.0,100.0,60.05,48.49,9.0,10.9,7.19,9.01
Qwen/Qwen3-8B,model.layers.20.self_attn.v_proj.weight,False,bfloat16,1024x4096,4194304,0.0179443359375,0.07666015625,0.267578125,100.0,100.0,32.99,25.34,9.94,11.15,7.74,9.07
Qwen/Qwen3-8B,model.layers.21.mlp.down_proj.weight,False,bfloat16,4096x12288,50331648,0.0174560546875,0.072265625,1.2109375,100.0,100.0,93.78,93.06,9.24,11.05,7.24,9.02
Qwen/Qwen3-8B,model.layers.21.mlp.gate_proj.weight,False,bfloat16,12288x4096,50331648,0.016357421875,0.06982421875,1.015625,100.0,99.99,90.49,88.33,9.02,10.97,7.23,9.03
Qwen/Qwen3-8B,model.layers.21.mlp.up_proj.weight,False,bfloat16,12288x4096,50331648,0.017578125,0.07275390625,0.58203125,100.0,100.0,64.28,56.22,9.13,10.97,7.22,9.01
Qwen/Qwen3-8B,model.layers.21.self_attn.k_proj.weight,False,bfloat16,1024x4096,4194304,0.01495361328125,0.0703125,0.30078125,100.0,100.0,43.16,33.26,9.09,10.94,7.3,9.02
Qwen/Qwen3-8B,model.layers.21.self_attn.o_proj.weight,False,bfloat16,4096x4096,16777216,0.0159912109375,0.0693359375,0.71875,100.0,100.0,78.03,72.03,8.61,10.8,6.95,8.98
Qwen/Qwen3-8B,model.layers.21.self_attn.q_proj.weight,False,bfloat16,4096x4096,16777216,0.01531982421875,0.07666015625,0.48828125,100.0,100.0,61.92,50.84,9.05,10.92,7.24,9.01
Qwen/Qwen3-8B,model.layers.21.self_attn.v_proj.weight,False,bfloat16,1024x4096,4194304,0.0174560546875,0.0771484375,0.419921875,100.0,99.99,50.16,40.37,9.89,11.17,7.78,9.1
Qwen/Qwen3-8B,model.layers.22.mlp.down_proj.weight,False,bfloat16,4096x12288,50331648,0.0174560546875,0.07275390625,1.1171875,100.0,99.99,91.46,90.12,9.38,11.1,7.33,9.03
Qwen/Qwen3-8B,model.layers.22.mlp.gate_proj.weight,False,bfloat16,12288x4096,50331648,0.0167236328125,0.07177734375,0.90625,100.0,99.99,85.93,82.49,9.03,10.98,7.2,9.02
Qwen/Qwen3-8B,model.layers.22.mlp.up_proj.weight,False,bfloat16,12288x4096,50331648,0.0179443359375,0.07421875,1.3359375,100.0,100.0,95.32,94.81,9.13,10.96,7.19,9.01
Qwen/Qwen3-8B,model.layers.22.self_attn.k_proj.weight,False,bfloat16,1024x4096,4194304,0.01409912109375,0.068359375,0.83203125,99.99,99.95,86.95,81.64,8.86,10.89,7.14,9.02
Qwen/Qwen3-8B,model.layers.22.self_attn.o_proj.weight,False,bfloat16,4096x4096,16777216,0.0162353515625,0.07177734375,0.5546875,100.0,99.99,65.8,56.97,8.6,10.79,6.94,8.97
Qwen/Qwen3-8B,model.layers.22.self_attn.q_proj.weight,False,bfloat16,4096x4096,16777216,0.01507568359375,0.076171875,0.38671875,100.0,100.0,52.91,41.48,8.97,10.9,7.17,9.01
Qwen/Qwen3-8B,model.layers.22.self_attn.v_proj.weight,False,bfloat16,1024x4096,4194304,0.0174560546875,0.0771484375,0.30859375,100.0,100.0,38.64,29.64,10.14,11.17,7.92,9.1
Qwen/Qwen3-8B,model.layers.23.mlp.down_proj.weight,False,bfloat16,4096x12288,50331648,0.0177001953125,0.0732421875,0.9609375,100.0,99.99,86.17,83.42,9.26,11.04,7.22,9.01
Qwen/Qwen3-8B,model.layers.23.mlp.gate_proj.weight,False,bfloat16,12288x4096,50331648,0.0172119140625,0.07275390625,0.640625,100.0,99.99,70.01,62.78,8.9,10.94,7.11,9.01
Qwen/Qwen3-8B,model.layers.23.mlp.up_proj.weight,False,bfloat16,12288x4096,50331648,0.0181884765625,0.07421875,0.51953125,100.0,100.0,57.79,49.27,9.01,10.94,7.1,8.99
Qwen/Qwen3-8B,model.layers.23.self_attn.k_proj.weight,False,bfloat16,1024x4096,4194304,0.01556396484375,0.06982421875,0.375,100.0,100.0,50.32,40.49,8.9,10.88,7.14,9.01
Qwen/Qwen3-8B,model.layers.23.self_attn.o_proj.weight,False,bfloat16,4096x4096,16777216,0.016845703125,0.0732421875,0.50390625,100.0,99.99,59.63,50.33,8.66,10.83,6.94,8.97
Qwen/Qwen3-8B,model.layers.23.self_attn.q_proj.weight,False,bfloat16,4096x4096,16777216,0.01611328125,0.080078125,0.4765625,100.0,100.0,58.8,48.03,9.12,10.94,7.28,9.02
Qwen/Qwen3-8B,model.layers.23.self_attn.v_proj.weight,False,bfloat16,1024x4096,4194304,0.01708984375,0.08203125,0.259765625,100.0,100.0,33.89,25.13,10.82,11.4,8.36,9.18
Qwen/Qwen3-8B,model.layers.24.mlp.down_proj.weight,False,bfloat16,4096x12288,50331648,0.01806640625,0.0732421875,0.8515625,100.0,99.99,80.78,76.8,9.11,10.99,7.11,9.0
Qwen/Qwen3-8B,model.layers.24.mlp.gate_proj.weight,False,bfloat16,12288x4096,50331648,0.0177001953125,0.07275390625,0.75,100.0,100.0,76.41,70.85,8.83,10.91,7.04,8.99
Qwen/Qwen3-8B,model.layers.24.mlp.up_proj.weight,False,bfloat16,12288x4096,50331648,0.018310546875,0.07373046875,0.55078125,100.0,100.0,60.12,51.95,8.94,10.93,7.04,8.98
Qwen/Qwen3-8B,model.layers.24.self_attn.k_proj.weight,False,bfloat16,1024x4096,4194304,0.01495361328125,0.07080078125,0.318359375,100.0,100.0,45.25,34.93,8.95,10.88,7.17,9.02
Qwen/Qwen3-8B,model.layers.24.self_attn.o_proj.weight,False,bfloat16,4096x4096,16777216,0.0167236328125,0.0751953125,0.51171875,100.0,99.99,60.76,51.34,8.57,10.77,6.93,8.97
Qwen/Qwen3-8B,model.layers.24.self_attn.q_proj.weight,False,bfloat16,4096x4096,16777216,0.015869140625,0.0810546875,0.42578125,100.0,100.0,54.53,42.92,9.32,10.97,7.43,9.04
Qwen/Qwen3-8B,model.layers.24.self_attn.v_proj.weight,False,bfloat16,1024x4096,4194304,0.0166015625,0.08056640625,0.353515625,100.0,100.0,45.43,34.87,10.91,11.47,8.43,9.21
Qwen/Qwen3-8B,model.layers.25.mlp.down_proj.weight,False,bfloat16,4096x12288,50331648,0.0181884765625,0.0732421875,0.77734375,100.0,99.99,76.38,71.36,9.07,10.98,7.06,9.0
Qwen/Qwen3-8B,model.layers.25.mlp.gate_proj.weight,False,bfloat16,12288x4096,50331648,0.0179443359375,0.0732421875,1.1875,100.0,100.0,92.95,92.06,8.82,10.91,7.02,8.99
Qwen/Qwen3-8B,model.layers.25.mlp.up_proj.weight,False,bfloat16,12288x4096,50331648,0.0184326171875,0.07373046875,0.5703125,100.0,100.0,61.3,53.55,8.93,10.92,7.0,8.98
Qwen/Qwen3-8B,model.layers.25.self_attn.k_proj.weight,False,bfloat16,1024x4096,4194304,0.0159912109375,0.06982421875,0.294921875,100.0,100.0,39.87,31.28,8.82,10.85,7.1,9.0
Qwen/Qwen3-8B,model.layers.25.self_attn.o_proj.weight,False,bfloat16,4096x4096,16777216,0.0172119140625,0.0703125,0.3359375,100.0,100.0,41.66,33.64,8.51,10.79,6.87,8.96
Qwen/Qwen3-8B,model.layers.25.self_attn.q_proj.weight,False,bfloat16,4096x4096,16777216,0.0159912109375,0.072265625,0.42578125,100.0,100.0,54.55,44.49,8.91,10.9,7.13,9.0
Qwen/Qwen3-8B,model.layers.25.self_attn.v_proj.weight,False,bfloat16,1024x4096,4194304,0.0184326171875,0.07958984375,0.26171875,100.0,100.0,31.62,24.21,9.82,11.09,7.68,9.06
Qwen/Qwen3-8B,model.layers.26.mlp.down_proj.weight,False,bfloat16,4096x12288,50331648,0.018310546875,0.07373046875,1.15625,100.0,100.0,91.44,90.6,8.99,10.94,7.0,8.98
Qwen/Qwen3-8B,model.layers.26.mlp.gate_proj.weight,False,bfloat16,12288x4096,50331648,0.01806640625,0.07275390625,0.58984375,100.0,100.0,63.98,56.39,8.77,10.89,6.97,8.98
Qwen/Qwen3-8B,model.layers.26.mlp.up_proj.weight,False,bfloat16,12288x4096,50331648,0.0186767578125,0.07373046875,1.2578125,100.0,100.0,93.62,93.38,8.89,10.91,6.98,8.98
Qwen/Qwen3-8B,model.layers.26.self_attn.k_proj.weight,False,bfloat16,1024x4096,4194304,0.01556396484375,0.06982421875,0.28125,100.0,100.0,39.22,30.5,8.79,10.82,7.06,8.99
Qwen/Qwen3-8B,model.layers.26.self_attn.o_proj.weight,False,bfloat16,4096x4096,16777216,0.0172119140625,0.072265625,0.3984375,100.0,100.0,48.57,39.59,8.56,10.78,6.88,8.97
Qwen/Qwen3-8B,model.layers.26.self_attn.q_proj.weight,False,bfloat16,4096x4096,16777216,0.0157470703125,0.07470703125,0.416015625,100.0,100.0,54.04,43.42,8.94,10.9,7.17,9.0
Qwen/Qwen3-8B,model.layers.26.self_attn.v_proj.weight,False,bfloat16,1024x4096,4194304,0.0181884765625,0.07861328125,0.2197265625,100.0,100.0,27.2,20.7,9.82,11.08,7.69,9.06
Qwen/Qwen3-8B,model.layers.27.mlp.gate_proj.weight,False,bfloat16,12288x4096,50331648,0.01806640625,0.07275390625,0.6484375,100.0,99.99,68.5,61.7,8.78,10.9,6.97,8.99
Qwen/Qwen3-8B,model.layers.27.mlp.up_proj.weight,False,bfloat16,12288x4096,50331648,0.018798828125,0.07470703125,0.640625,100.0,100.0,65.82,58.8,8.91,10.91,6.97,8.98
Qwen/Qwen3-8B,model.layers.27.self_attn.k_proj.weight,False,bfloat16,1024x4096,4194304,0.01470947265625,0.068359375,0.2734375,100.0,100.0,40.12,30.81,8.81,10.86,7.07,9.0
Qwen/Qwen3-8B,model.layers.27.self_attn.o_proj.weight,False,bfloat16,4096x4096,16777216,0.01708984375,0.0703125,0.39453125,100.0,100.0,48.39,39.81,8.57,10.8,6.9,8.97
Qwen/Qwen3-8B,model.layers.27.self_attn.q_proj.weight,False,bfloat16,4096x4096,16777216,0.0157470703125,0.07373046875,0.375,100.0,100.0,49.71,39.37,8.9,10.88,7.12,9.0
Qwen/Qwen3-8B,model.layers.27.self_attn.v_proj.weight,False,bfloat16,1024x4096,4194304,0.0179443359375,0.0771484375,0.30078125,100.0,100.0,36.77,28.44,9.83,11.11,7.7,9.06
