role,strategy,user,error,gap_s,itl_after_max_ms,itl_after_p50_ms,itl_after_p99_ms,itl_before_max_ms,itl_before_p50_ms,itl_before_p99_ms
survivor,restart,b0,,,180.9,7.4,8.4,185.4,6.5,7.5
survivor,restart,b1,,,181.3,7.3,8.6,184.8,6.5,7.6
survivor,restart,b3,,,181.5,7.4,8.6,185.4,6.5,7.4
survivor,restart,b2,,,181.3,7.4,8.5,54.8,6.5,7.4
survivor,restart,b4,,,181.7,7.4,8.5,54.9,6.5,7.5
survivor,restart,b5,,,181.5,7.4,8.5,54.4,6.5,7.4
survivor,restart,b7,,,181.1,7.4,8.5,8.5,6.5,7.4
survivor,restart,b6,,,181.1,7.4,8.5,8.5,6.5,7.5
moved,restart,a0,StreamEndedWithoutDone,0.164,,,,,,
moved,restart,a5,StreamEndedWithoutDone,0.336,,,,,,
moved,restart,a7,StreamEndedWithoutDone,0.337,,,,,,
moved,restart,a1,StreamEndedWithoutDone,0.518,,,,,,
moved,restart,a2,StreamEndedWithoutDone,0.517,,,,,,
moved,restart,a4,StreamEndedWithoutDone,0.518,,,,,,
moved,restart,a3,StreamEndedWithoutDone,0.587,,,,,,
moved,restart,a6,StreamEndedWithoutDone,0.586,,,,,,
survivor,continue,b0,,,181.5,7.4,8.3,179.4,6.5,7.4
survivor,continue,b2,,,181.4,7.4,8.3,178.8,6.5,7.4
survivor,continue,b1,,,181.6,7.4,8.5,178.7,6.5,7.3
survivor,continue,b4,,,181.4,7.4,8.3,69.0,6.5,7.3
survivor,continue,b3,,,181.9,7.4,8.4,69.1,6.5,7.3
survivor,continue,b5,,,181.3,7.4,8.4,69.1,6.5,7.3
survivor,continue,b7,,,181.4,7.4,8.3,8.9,6.5,7.3
survivor,continue,b6,,,181.4,7.4,8.5,8.8,6.5,7.2
moved,continue,a1,StreamEndedWithoutDone,0.271,,,,,,
moved,continue,a2,StreamEndedWithoutDone,0.449,,,,,,
moved,continue,a0,StreamEndedWithoutDone,0.631,,,,,,
moved,continue,a3,StreamEndedWithoutDone,0.272,,,,,,
moved,continue,a7,StreamEndedWithoutDone,0.45,,,,,,
moved,continue,a6,StreamEndedWithoutDone,0.632,,,,,,
moved,continue,a5,StreamEndedWithoutDone,0.727,,,,,,
moved,continue,a4,StreamEndedWithoutDone,0.727,,,,,,
