server,case,doc_tokens,doc,miss_ms,hit_ms,other_docs,median_other_ms,after_eviction_ms
gpu only,hit vs miss,1024,0,37.6,13.7,,,
gpu only,hit vs miss,1024,1,32.7,13.6,,,
gpu only,hit vs miss,1024,2,33.3,12.7,,,
gpu only,hit vs miss,4096,0,108.0,16.7,,,
gpu only,hit vs miss,4096,1,106.0,17.1,,,
gpu only,hit vs miss,4096,2,105.9,16.5,,,
gpu only,hit vs miss,16384,0,525.7,29.8,,,
gpu only,hit vs miss,16384,1,525.3,29.7,,,
gpu only,hit vs miss,16384,2,520.1,29.8,,,
gpu only,eviction,16384,1,527.0,30.5,36,530.6,529.3
gpu only,eviction,16384,2,532.7,27.4,36,529.6,530.9
lmcache cpu,eviction,16384,1,608.8,30.4,36,610.2,68.9
lmcache cpu,eviction,16384,2,613.6,28.9,36,613.6,72.7
