server,task,users,requests,output_tokens,per_user_tokens_per_s,server_tokens_per_s,draft_tokens,accepted_tokens,acceptance_rate,accepted_per_step,same_output_as_none
none,gsm8k,1,16,3966,147.2,147.1,0,0,,,16
none,gsm8k,8,48,11769,140.6,1077.5,0,0,,,48
none,gsm8k,64,192,46098,109.2,6517.1,0,0,,,192
none,repeat,1,16,3425,146.4,146.4,0,0,,,16
none,repeat,8,48,10790,138.6,1035.5,0,0,,,48
none,repeat,64,192,41063,97.0,5507.9,0,0,,,192
ngram,gsm8k,1,16,3966,62.8,62.4,3535,975,0.276,1.1,15
ngram,gsm8k,8,48,11798,53.0,400.0,10388,2941,0.283,1.13,19
ngram,gsm8k,64,192,46079,45.2,2548.6,40643,11234,0.276,1.11,83
ngram,repeat,1,16,3425,199.7,181.3,2548,2288,0.898,3.59,16
ngram,repeat,8,48,10793,126.8,864.4,8408,7350,0.874,3.5,40
ngram,repeat,64,192,41029,75.5,3843.4,31735,27116,0.854,3.42,154
draft model,gsm8k,1,16,3966,115.2,114.7,4092,2946,0.72,2.88,15
draft model,gsm8k,8,48,11792,95.8,640.2,11996,8817,0.735,2.94,16
draft model,gsm8k,64,192,46135,78.4,4383.7,46312,34623,0.748,2.99,90
draft model,repeat,1,16,3425,119.1,119.5,3272,2611,0.798,3.19,16
draft model,repeat,8,48,10795,112.6,849.6,9956,8310,0.835,3.34,40
draft model,repeat,64,192,41033,71.3,4032.3,38496,31413,0.816,3.26,152
