gpu,config,model,weight_gib,kv_cache_tokens,case,run,users,input_len,output_len,completed,mean_ttft_ms,mean_tpot_ms,output_tokens_per_s,gsm8k_correct,gsm8k_pct
B200,bf16,Qwen/Qwen3-8B,15.27,1056992,"decode, 1 user",1,1,256,512,8,19.1,4.07,243.9,,
B200,bf16,Qwen/Qwen3-8B,15.27,1056992,prefill 8k,1,1,8192,1,8,136.3,,7.3,,
B200,bf16,Qwen/Qwen3-8B,15.27,1056992,"decode, 16 users, 8k",1,16,8192,512,64,1032.1,8.202,1566.6,,
B200,bf16,Qwen/Qwen3-8B,15.27,1056992,"decode, 1 user",2,1,256,512,8,18.5,4.071,243.9,,
B200,bf16,Qwen/Qwen3-8B,15.27,1056992,prefill 8k,2,1,8192,1,8,136.0,,7.3,,
B200,bf16,Qwen/Qwen3-8B,15.27,1056992,"decode, 16 users, 8k",2,16,8192,512,64,1023.5,8.256,1560.9,,
B200,bf16,Qwen/Qwen3-8B,15.27,1056992,gsm8k,,,,,1319,,,,1233,93.5
B200,fp8,Qwen/Qwen3-8B-FP8,8.85,1100864,"decode, 1 user",1,1,256,512,8,12.9,3.473,286.4,,
B200,fp8,Qwen/Qwen3-8B-FP8,8.85,1100864,prefill 8k,1,1,8192,1,8,125.1,,7.9,,
B200,fp8,Qwen/Qwen3-8B-FP8,8.85,1100864,"decode, 16 users, 8k",1,16,8192,512,64,826.9,7.19,1817.9,,
B200,fp8,Qwen/Qwen3-8B-FP8,8.85,1100864,"decode, 1 user",2,1,256,512,8,13.1,3.474,286.3,,
B200,fp8,Qwen/Qwen3-8B-FP8,8.85,1100864,prefill 8k,2,1,8192,1,8,106.4,,9.3,,
B200,fp8,Qwen/Qwen3-8B-FP8,8.85,1100864,"decode, 16 users, 8k",2,16,8192,512,64,818.7,7.22,1814.9,,
B200,fp8,Qwen/Qwen3-8B-FP8,8.85,1100864,gsm8k,,,,,1319,,,,1231,93.3
B200,fp4,RedHatAI/Qwen3-8B-NVFP4,5.98,1117072,"decode, 1 user",1,1,256,512,8,11.5,2.638,376.4,,
B200,fp4,RedHatAI/Qwen3-8B-NVFP4,5.98,1117072,prefill 8k,1,1,8192,1,8,84.1,,11.8,,
B200,fp4,RedHatAI/Qwen3-8B-NVFP4,5.98,1117072,"decode, 16 users, 8k",1,16,8192,512,64,566.5,6.046,2237.6,,
B200,fp4,RedHatAI/Qwen3-8B-NVFP4,5.98,1117072,"decode, 1 user",2,1,256,512,8,11.6,2.638,376.5,,
B200,fp4,RedHatAI/Qwen3-8B-NVFP4,5.98,1117072,prefill 8k,2,1,8192,1,8,80.1,,12.4,,
B200,fp4,RedHatAI/Qwen3-8B-NVFP4,5.98,1117072,"decode, 16 users, 8k",2,16,8192,512,64,566.3,6.078,2228.0,,
B200,fp4,RedHatAI/Qwen3-8B-NVFP4,5.98,1117072,gsm8k,,,,,1319,,,,1205,91.4
B200,bf16-kv-fp8,Qwen/Qwen3-8B,15.27,2113344,"decode, 1 user",1,1,256,512,8,19.3,4.062,244.3,,
B200,bf16-kv-fp8,Qwen/Qwen3-8B,15.27,2113344,prefill 8k,1,1,8192,1,8,131.7,,7.6,,
B200,bf16-kv-fp8,Qwen/Qwen3-8B,15.27,2113344,"decode, 16 users, 8k",1,16,8192,512,64,1052.3,6.822,1802.9,,
B200,bf16-kv-fp8,Qwen/Qwen3-8B,15.27,2113344,"decode, 1 user",2,1,256,512,8,19.3,4.061,244.4,,
B200,bf16-kv-fp8,Qwen/Qwen3-8B,15.27,2113344,prefill 8k,2,1,8192,1,8,136.1,,7.3,,
B200,bf16-kv-fp8,Qwen/Qwen3-8B,15.27,2113344,"decode, 16 users, 8k",2,16,8192,512,64,1053.2,6.823,1802.3,,
B200,bf16-kv-fp8,Qwen/Qwen3-8B,15.27,2113344,gsm8k,,,,,1319,,,,1235,93.6
H100,bf16,Qwen/Qwen3-8B,15.27,388560,"decode, 1 user",1,1,256,512,8,19.6,6.596,151.0,,
H100,bf16,Qwen/Qwen3-8B,15.27,388560,prefill 8k,1,1,8192,1,8,251.6,,4.0,,
H100,bf16,Qwen/Qwen3-8B,15.27,388560,"decode, 16 users, 8k",1,16,8192,512,64,1462.4,17.135,800.2,,
H100,bf16,Qwen/Qwen3-8B,15.27,388560,"decode, 1 user",2,1,256,512,8,17.6,6.599,151.0,,
H100,bf16,Qwen/Qwen3-8B,15.27,388560,prefill 8k,2,1,8192,1,8,248.5,,4.0,,
H100,bf16,Qwen/Qwen3-8B,15.27,388560,"decode, 16 users, 8k",2,16,8192,512,64,1454.8,17.126,801.2,,
H100,fp8,Qwen/Qwen3-8B-FP8,8.8,442848,"decode, 1 user",1,1,256,512,8,16.6,4.505,220.8,,
H100,fp8,Qwen/Qwen3-8B-FP8,8.8,442848,prefill 8k,1,1,8192,1,8,201.3,,4.9,,
H100,fp8,Qwen/Qwen3-8B-FP8,8.8,442848,"decode, 16 users, 8k",1,16,8192,512,64,1146.0,13.912,990.5,,
H100,fp8,Qwen/Qwen3-8B-FP8,8.8,442848,"decode, 1 user",2,1,256,512,8,16.3,4.507,220.7,,
H100,fp8,Qwen/Qwen3-8B-FP8,8.8,442848,prefill 8k,2,1,8192,1,8,195.8,,5.1,,
H100,fp8,Qwen/Qwen3-8B-FP8,8.8,442848,"decode, 16 users, 8k",2,16,8192,512,64,1149.2,13.886,991.7,,
H100,fp4,RedHatAI/Qwen3-8B-NVFP4,6.01,464096,"decode, 1 user",1,1,256,512,8,23.3,3.989,248.2,,
H100,fp4,RedHatAI/Qwen3-8B-NVFP4,6.01,464096,prefill 8k,1,1,8192,1,8,441.8,,2.3,,
H100,fp4,RedHatAI/Qwen3-8B-NVFP4,6.01,464096,"decode, 16 users, 8k",1,16,8192,512,64,2633.7,18.147,687.2,,
H100,fp4,RedHatAI/Qwen3-8B-NVFP4,6.01,464096,"decode, 1 user",2,1,256,512,8,23.1,3.99,248.2,,
H100,fp4,RedHatAI/Qwen3-8B-NVFP4,6.01,464096,prefill 8k,2,1,8192,1,8,432.5,,2.3,,
H100,fp4,RedHatAI/Qwen3-8B-NVFP4,6.01,464096,"decode, 16 users, 8k",2,16,8192,512,64,2751.4,17.939,686.5,,
